Time, Input Voltage, Current, Angular Velocity, Lift Force
0, 0, 0, 0, 0
0.000199999994947575, 0, 0, 0, 0
0.00039999998989515, 0, 0, 0, 0
0.00059999997029081, 0, 0, 0, 0
0.0007999999797903, 0, 0, 0, 0
0.000999999931082129, 0, 0, 0, 0
0.00119999994058162, 0, 0, 0, 0
0.00139999995008111, 0, 0, 0, 0
0.0015999999595806, 0, 0, 0, 0
0.00179999996908009, 0, 0, 0, 0
0.00199999986216426, 0, 0, 0, 0
0.00219999998807907, 0, 0, 0, 0
0.00239999988116324, 0, 0, 0, 0
0.00260000000707805, 0, 0, 0, 0
0.00279999990016222, 0, 0, 0, 0
0.00300000002607703, 0, 0, 0, 0
0.0031999999191612, 0, 0, 0, 0
0.00339999981224537, 0, 0, 0, 0
0.00359999993816018, 0, 0, 0, 0
0.00379999983124435, 0, 0, 0, 0
0.00399999972432852, 0, 0, 0, 0
0.00419999985024333, 0, 0, 0, 0
0.00439999997615814, 0, 0, 0, 0
0.00460000010207295, 0, 0, 0, 0
0.00479999976232648, 0, 0, 0, 0
0.00499999988824129, 0, 0, 0, 0
0.0052000000141561, 0, 0, 0, 0
0.00539999967440963, 0, 0, 0, 0
0.00559999980032444, 0, 0, 0, 0
0.00579999992623925, 0, 0, 0, 0
0.00600000005215406, 0, 0, 0, 0
0.00619999971240759, 0, 0, 0, 0
0.0063999998383224, 0, 0, 0, 0
0.00659999996423721, 0, 0, 0, 0
0.00679999962449074, 0, 0, 0, 0
0.00699999975040555, 0, 0, 0, 0
0.00719999987632036, 0, 0, 0, 0
0.00740000000223517, 0, 0, 0, 0
0.0075999996624887, 0, 0, 0, 0
0.00779999978840351, 0, 0, 0, 0
0.00799999944865704, 0, 0, 0, 0
0.00820000004023314, 0, 0, 0, 0
0.00839999970048666, 0, 0, 0, 0
0.00859999936074018, 0, 0, 0, 0
0.00879999995231628, 0, 0, 0, 0
0.00899999961256981, 0, 0, 0, 0
0.00920000020414591, 0, 0, 0, 0
0.00939999986439943, 0, 0, 0, 0
0.00959999952465296, 0, 0, 0, 0
0.00980000011622906, 0, 0, 0, 0
0.00999999977648258, 0, 0, 0, 0
0.0101999994367361, 0, 0, 0, 0
0.0104000000283122, 0, 0, 0, 0
0.0105999996885657, 0, 0, 0, 0
0.0107999993488193, 0, 0, 0, 0
0.0109999999403954, 0, 0, 0, 0
0.0111999996006489, 0, 0, 0, 0
0.0113999992609024, 0, 0, 0, 0
0.0115999998524785, 0, 0, 0, 0
0.011799999512732, 0, 0, 0, 0
0.0120000001043081, 0, 0, 0, 0
0.0121999997645617, 0, 0, 0, 0
0.0123999994248152, 0, 0, 0, 0
0.0126000000163913, 0, 0, 0, 0
0.0127999996766448, 0, 0, 0, 0
0.0129999993368983, 0, 0, 0, 0
0.0131999999284744, 0, 0, 0, 0
0.013399999588728, 0, 0, 0, 0
0.0135999992489815, 0, 0, 0, 0
0.0137999998405576, 0, 0, 0, 0
0.0139999995008111, 0, 0, 0, 0
0.0142000000923872, 0, 0, 0, 0
0.0143999997526407, 0, 0, 0, 0
0.0145999994128942, 0, 0, 0, 0
0.0148000000044703, 0, 0, 0, 0
0.0149999996647239, 0, 0, 0, 0
0.0151999993249774, 0, 0, 0, 0
0.0153999999165535, 0, 0, 0, 0
0.015599999576807, 0, 0, 0, 0
0.0157999992370605, 0, 0, 0, 0
0.0159999988973141, 0, 0, 0, 0
0.0162000004202127, 0, 0, 0, 0
0.0164000000804663, 0, 0, 0, 0
0.0165999997407198, 0, 0, 0, 0
0.0167999994009733, 0, 0, 0, 0
0.0169999990612268, 0, 0, 0, 0
0.0171999987214804, 0, 0, 0, 0
0.017400000244379, 0, 0, 0, 0
0.0175999999046326, 0, 0, 0, 0
0.0177999995648861, 0, 0, 0, 0
0.0179999992251396, 0, 0, 0, 0
0.0181999988853931, 0, 0, 0, 0
0.0184000004082918, 0, 0, 0, 0
0.0186000000685453, 0, 0, 0, 0
0.0187999997287989, 0, 0, 0, 0
0.0189999993890524, 0, 0, 0, 0
0.0191999990493059, 0, 0, 0, 0
0.0193999987095594, 0, 0, 0, 0
0.0196000002324581, 0, 0, 0, 0
0.0197999998927116, 0, 0, 0, 0
0.0199999995529652, 0, 0, 0, 0
0.0201999992132187, 0, 0, 0, 0
0.0203999988734722, 0, 0, 0, 0
0.0206000003963709, 0, 0, 0, 0
0.0208000000566244, 0, 0, 0, 0
0.0209999997168779, 0, 0, 0, 0
0.0211999993771315, 0, 0, 0, 0
0.021399999037385, 0, 0, 0, 0
0.0215999986976385, 0, 0, 0, 0
0.0218000002205372, 0, 0, 0, 0
0.0219999998807907, 0, 0, 0, 0
0.0221999995410442, 0, 0, 0, 0
0.0223999992012978, 0, 0, 0, 0
0.0225999988615513, 0, 0, 0, 0
0.0227999985218048, 0, 0, 0, 0
0.0230000000447035, 0, 0, 0, 0
0.023199999704957, 0, 0, 0, 0
0.0233999993652105, 0, 0, 0, 0
0.0235999990254641, 0, 0, 0, 0
0.0237999986857176, 0, 0, 0, 0
0.0240000002086163, 0, 0, 0, 0
0.0241999998688698, 0, 0, 0, 0
0.0243999995291233, 0, 0, 0, 0
0.0245999991893768, 0, 0, 0, 0
0.0247999988496304, 0, 0, 0, 0
0.0249999985098839, 0, 0, 0, 0
0.0252000000327826, 0, 0, 0, 0
0.0253999996930361, 0, 0, 0, 0
0.0255999993532896, 0, 0, 0, 0
0.0257999990135431, 0, 0, 0, 0
0.0259999986737967, 0, 0, 0, 0
0.0262000001966953, 0, 0, 0, 0
0.0263999998569489, 0, 0, 0, 0
0.0265999995172024, 0, 0, 0, 0
0.0267999991774559, 0, 0, 0, 0
0.0269999988377094, 0, 0, 0, 0
0.027199998497963, 0, 0, 0, 0
0.0274000000208616, 0, 0, 0, 0
0.0275999996811152, 0, 0, 0, 0
0.0277999993413687, 0, 0, 0, 0
0.0279999990016222, 0, 0, 0, 0
0.0281999986618757, 0, 0, 0, 0
0.0284000001847744, 0, 0, 0, 0
0.0285999998450279, 0, 0, 0, 0
0.0287999995052814, 0, 0, 0, 0
0.028999999165535, 0, 0, 0, 0
0.0291999988257885, 0, 0, 0, 0
0.029399998486042, 0, 0, 0, 0
0.0296000000089407, 0, 0, 0, 0
0.0297999996691942, 0, 0, 0, 0
0.0299999993294477, 0, 0, 0, 0
0.0301999989897013, 0, 0, 0, 0
0.0303999986499548, 0, 0, 0, 0
0.0305999983102083, 0, 0, 0, 0
0.030799999833107, 0, 0, 0, 0
0.0309999994933605, 0, 0, 0, 0
0.031199999153614, 0, 0, 0, 0
0.0313999988138676, 0, 0, 0, 0
0.0315999984741211, 0, 0, 0, 0
0.0317999981343746, 0, 0, 0, 0
0.0319999977946281, 0, 0, 0, 0
0.0321999974548817, 0, 0, 0, 0
0.0324000008404255, 0, 0, 0, 0
0.032600000500679, 0, 0, 0, 0
0.0328000001609325, 0, 0, 0, 0
0.0329999998211861, 0, 0, 0, 0
0.0331999994814396, 0, 0, 0, 0
0.0333999991416931, 0, 0, 0, 0
0.0335999988019466, 0, 0, 0, 0
0.0337999984622002, 0, 0, 0, 0
0.0339999981224537, 0, 0, 0, 0
0.0341999977827072, 0, 0, 0, 0
0.0343999974429607, 0, 0, 0, 0
0.0346000008285046, 0, 0, 0, 0
0.0348000004887581, 0, 0, 0, 0
0.0350000001490116, 0, 0, 0, 0
0.0351999998092651, 0, 0, 0, 0
0.0353999994695187, 0, 0, 0, 0
0.0355999991297722, 0, 0, 0, 0
0.0357999987900257, 0, 0, 0, 0
0.0359999984502792, 0, 0, 0, 0
0.0361999981105328, 0, 0, 0, 0
0.0363999977707863, 0, 0, 0, 0
0.0365999974310398, 0, 0, 0, 0
0.0368000008165836, 0, 0, 0, 0
0.0370000004768372, 0, 0, 0, 0
0.0372000001370907, 0, 0, 0, 0
0.0373999997973442, 0, 0, 0, 0
0.0375999994575977, 0, 0, 0, 0
0.0377999991178513, 0, 0, 0, 0
0.0379999987781048, 0, 0, 0, 0
0.0381999984383583, 0, 0, 0, 0
0.0383999980986118, 0, 0, 0, 0
0.0385999977588654, 0, 0, 0, 0
0.0387999974191189, 0, 0, 0, 0
0.0390000008046627, 0, 0, 0, 0
0.0392000004649162, 0, 0, 0, 0
0.0394000001251698, 0, 0, 0, 0
0.0395999997854233, 0, 0, 0, 0
0.0397999994456768, 0, 0, 0, 0
0.0399999991059303, 0, 0, 0, 0
0.0401999987661839, 0, 0, 0, 0
0.0403999984264374, 0, 0, 0, 0
0.0405999980866909, 0, 0, 0, 0
0.0407999977469444, 0, 0, 0, 0
0.040999997407198, 0, 0, 0, 0
0.0412000007927418, 0, 0, 0, 0
0.0414000004529953, 0, 0, 0, 0
0.0416000001132488, 0, 0, 0, 0
0.0417999997735024, 0, 0, 0, 0
0.0419999994337559, 0, 0, 0, 0
0.0421999990940094, 0, 0, 0, 0
0.0423999987542629, 0, 0, 0, 0
0.0425999984145164, 0, 0, 0, 0
0.04279999807477, 0, 0, 0, 0
0.0429999977350235, 0, 0, 0, 0
0.043199997395277, 0, 0, 0, 0
0.0433999970555305, 0, 0, 0, 0
0.0436000004410744, 0, 0, 0, 0
0.0438000001013279, 0, 0, 0, 0
0.0439999997615814, 0, 0, 0, 0
0.0441999994218349, 0, 0, 0, 0
0.0443999990820885, 0, 0, 0, 0
0.044599998742342, 0, 0, 0, 0
0.0447999984025955, 0, 0, 0, 0
0.044999998062849, 0, 0, 0, 0
0.0451999977231026, 0, 0, 0, 0
0.0453999973833561, 0, 0, 0, 0
0.0455999970436096, 0, 0, 0, 0
0.0458000004291534, 0, 0, 0, 0
0.046000000089407, 0, 0, 0, 0
0.0461999997496605, 0, 0, 0, 0
0.046399999409914, 0, 0, 0, 0
0.0465999990701675, 0, 0, 0, 0
0.0467999987304211, 0, 0, 0, 0
0.0469999983906746, 0, 0, 0, 0
0.0471999980509281, 0, 0, 0, 0
0.0473999977111816, 0, 0, 0, 0
0.0475999973714352, 0, 0, 0, 0
0.0477999970316887, 0, 0, 0, 0
0.0480000004172325, 0, 0, 0, 0
0.048200000077486, 0, 0, 0, 0
0.0483999997377396, 0, 0, 0, 0
0.0485999993979931, 0, 0, 0, 0
0.0487999990582466, 0, 0, 0, 0
0.0489999987185001, 0, 0, 0, 0
0.0491999983787537, 0, 0, 0, 0
0.0493999980390072, 0, 0, 0, 0
0.0495999976992607, 0, 0, 0, 0
0.0497999973595142, 0, 0, 0, 0
0.0499999970197678, 0, 0, 0, 0
0.0502000004053116, 0, 0, 0, 0
0.0504000000655651, 0, 0, 0, 0
0.0505999997258186, 0, 0, 0, 0
0.0507999993860722, 0, 0, 0, 0
0.0509999990463257, 0, 0, 0, 0
0.0511999987065792, 0, 0, 0, 0
0.0513999983668327, 0, 0, 0, 0
0.0515999980270863, 0, 0, 0, 0
0.0517999976873398, 0, 0, 0, 0
0.0519999973475933, 0, 0, 0, 0
0.0521999970078468, 0, 0, 0, 0
0.0524000003933907, 0, 0, 0, 0
0.0526000000536442, 0, 0, 0, 0
0.0527999997138977, 0, 0, 0, 0
0.0529999993741512, 0, 0, 0, 0
0.0531999990344048, 0, 0, 0, 0
0.0533999986946583, 0, 0, 0, 0
0.0535999983549118, 0, 0, 0, 0
0.0537999980151653, 0, 0, 0, 0
0.0539999976754189, 0, 0, 0, 0
0.0541999973356724, 0, 0, 0, 0
0.0543999969959259, 0, 0, 0, 0
0.0546000003814697, 0, 0, 0, 0
0.0548000000417233, 0, 0, 0, 0
0.0549999997019768, 0, 0, 0, 0
0.0551999993622303, 0, 0, 0, 0
0.0553999990224838, 0, 0, 0, 0
0.0555999986827374, 0, 0, 0, 0
0.0557999983429909, 0, 0, 0, 0
0.0559999980032444, 0, 0, 0, 0
0.0561999976634979, 0, 0, 0, 0
0.0563999973237515, 0, 0, 0, 0
0.056599996984005, 0, 0, 0, 0
0.0568000003695488, 0, 0, 0, 0
0.0570000000298023, 0, 0, 0, 0
0.0571999996900558, 0, 0, 0, 0
0.0573999993503094, 0, 0, 0, 0
0.0575999990105629, 0, 0, 0, 0
0.0577999986708164, 0, 0, 0, 0
0.0579999983310699, 0, 0, 0, 0
0.0581999979913235, 0, 0, 0, 0
0.058399997651577, 0, 0, 0, 0
0.0585999973118305, 0, 0, 0, 0
0.058799996972084, 0, 0, 0, 0
0.0590000003576279, 0, 0, 0, 0
0.0592000000178814, 0, 0, 0, 0
0.0593999996781349, 0, 0, 0, 0
0.0595999993383884, 0, 0, 0, 0
0.059799998998642, 0, 0, 0, 0
0.0599999986588955, 0, 0, 0, 0
0.060199998319149, 0, 0, 0, 0
0.0603999979794025, 0, 0, 0, 0
0.0605999976396561, 0, 0, 0, 0
0.0607999972999096, 0, 0, 0, 0
0.0609999969601631, 0, 0, 0, 0
0.0611999966204166, 0, 0, 0, 0
0.0614000000059605, 0, 0, 0, 0
0.061599999666214, 0, 0, 0, 0
0.0617999993264675, 0, 0, 0, 0
0.061999998986721, 0, 0, 0, 0
0.0621999986469746, 0, 0, 0, 0
0.0623999983072281, 0, 0, 0, 0
0.0626000016927719, 0, 0, 0, 0
0.0627999976277351, 0, 0, 0, 0
0.063000001013279, 0, 0, 0, 0
0.0631999969482422, 0, 0, 0, 0
0.063400000333786, 0, 0, 0, 0
0.0635999962687492, 0, 0, 0, 0
0.0637999996542931, 0, 0, 0, 0
0.0639999955892563, 0, 0, 0, 0
0.0641999989748001, 0, 0, 0, 0
0.0643999949097633, 0, 0, 0, 0
0.0645999982953072, 0, 0, 0, 0
0.064800001680851, 0, 0, 0, 0
0.0649999976158142, 0, 0, 0, 0
0.065200001001358, 0, 0, 0, 0
0.0653999969363213, 0, 0, 0, 0
0.0656000003218651, 0, 0, 0, 0
0.0657999962568283, 0, 0, 0, 0
0.0659999996423721, 0, 0, 0, 0
0.0661999955773354, 0, 0, 0, 0
0.0663999989628792, 0, 0, 0, 0
0.0665999948978424, 0, 0, 0, 0
0.0667999982833862, 0, 0, 0, 0
0.0670000016689301, 0, 0, 0, 0
0.0671999976038933, 0, 0, 0, 0
0.0674000009894371, 0, 0, 0, 0
0.0675999969244003, 0, 0, 0, 0
0.0678000003099442, 0, 0, 0, 0
0.0679999962449074, 0, 0, 0, 0
0.0681999996304512, 0, 0, 0, 0
0.0683999955654144, 0, 0, 0, 0
0.0685999989509583, 0, 0, 0, 0
0.0687999948859215, 0, 0, 0, 0
0.0689999982714653, 0, 0, 0, 0
0.0692000016570091, 0, 0, 0, 0
0.0693999975919724, 0, 0, 0, 0
0.0696000009775162, 0, 0, 0, 0
0.0697999969124794, 0, 0, 0, 0
0.0700000002980232, 0, 0, 0, 0
0.0701999962329865, 0, 0, 0, 0
0.0703999996185303, 0, 0, 0, 0
0.0705999955534935, 0, 0, 0, 0
0.0707999989390373, 0, 0, 0, 0
0.0709999948740005, 0, 0, 0, 0
0.0711999982595444, 0, 0, 0, 0
0.0714000016450882, 0, 0, 0, 0
0.0715999975800514, 0, 0, 0, 0
0.0718000009655952, 0, 0, 0, 0
0.0719999969005585, 0, 0, 0, 0
0.0722000002861023, 0, 0, 0, 0
0.0723999962210655, 0, 0, 0, 0
0.0725999996066093, 0, 0, 0, 0
0.0727999955415726, 0, 0, 0, 0
0.0729999989271164, 0, 0, 0, 0
0.0731999948620796, 0, 0, 0, 0
0.0733999982476234, 0, 0, 0, 0
0.0736000016331673, 0, 0, 0, 0
0.0737999975681305, 0, 0, 0, 0
0.0740000009536743, 0, 0, 0, 0
0.0741999968886375, 0, 0, 0, 0
0.0744000002741814, 0, 0, 0, 0
0.0745999962091446, 0, 0, 0, 0
0.0747999995946884, 0, 0, 0, 0
0.0749999955296516, 0, 0, 0, 0
0.0751999989151955, 0, 0, 0, 0
0.0753999948501587, 0, 0, 0, 0
0.0755999982357025, 0, 0, 0, 0
0.0758000016212463, 0, 0, 0, 0
0.0759999975562096, 0, 0, 0, 0
0.0762000009417534, 0, 0, 0, 0
0.0763999968767166, 0, 0, 0, 0
0.0766000002622604, 0, 0, 0, 0
0.0767999961972237, 0, 0, 0, 0
0.0769999995827675, 0, 0, 0, 0
0.0771999955177307, 0, 0, 0, 0
0.0773999989032745, 0, 0, 0, 0
0.0775999948382378, 0, 0, 0, 0
0.0777999982237816, 0, 0, 0, 0
0.0780000016093254, 0, 0, 0, 0
0.0781999975442886, 0, 0, 0, 0
0.0784000009298325, 0, 0, 0, 0
0.0785999968647957, 0, 0, 0, 0
0.0788000002503395, 0, 0, 0, 0
0.0789999961853027, 0, 0, 0, 0
0.0791999995708466, 0, 0, 0, 0
0.0793999955058098, 0, 0, 0, 0
0.0795999988913536, 0, 0, 0, 0
0.0797999948263168, 0, 0, 0, 0
0.0799999982118607, 0, 0, 0, 0
0.0802000015974045, 0, 0, 0, 0
0.0803999975323677, 0, 0, 0, 0
0.0806000009179115, 0, 0, 0, 0
0.0807999968528748, 0, 0, 0, 0
0.0810000002384186, 0, 0, 0, 0
0.0811999961733818, 0, 0, 0, 0
0.0813999995589256, 0, 0, 0, 0
0.0815999954938889, 0, 0, 0, 0
0.0817999988794327, 0, 0, 0, 0
0.0819999948143959, 0, 0, 0, 0
0.0821999981999397, 0, 0, 0, 0
0.0824000015854836, 0, 0, 0, 0
0.0825999975204468, 0, 0, 0, 0
0.0828000009059906, 0, 0, 0, 0
0.0829999968409538, 0, 0, 0, 0
0.0832000002264977, 0, 0, 0, 0
0.0833999961614609, 0, 0, 0, 0
0.0835999995470047, 0, 0, 0, 0
0.0837999954819679, 0, 0, 0, 0
0.0839999988675117, 0, 0, 0, 0
0.084199994802475, 0, 0, 0, 0
0.0843999981880188, 0, 0, 0, 0
0.0846000015735626, 0, 0, 0, 0
0.0847999975085258, 0, 0, 0, 0
0.0850000008940697, 0, 0, 0, 0
0.0851999968290329, 0, 0, 0, 0
0.0854000002145767, 0, 0, 0, 0
0.0855999961495399, 0, 0, 0, 0
0.0857999995350838, 0, 0, 0, 0
0.085999995470047, 0, 0, 0, 0
0.0861999988555908, 0, 0, 0, 0
0.086399994790554, 0, 0, 0, 0
0.0865999981760979, 0, 0, 0, 0
0.0867999941110611, 0, 0, 0, 0
0.0869999974966049, 0, 0, 0, 0
0.0872000008821487, 0, 0, 0, 0
0.087399996817112, 0, 0, 0, 0
0.0876000002026558, 0, 0, 0, 0
0.087799996137619, 0, 0, 0, 0
0.0879999995231628, 0, 0, 0, 0
0.0881999954581261, 0, 0, 0, 0
0.0883999988436699, 0, 0, 0, 0
0.0885999947786331, 0, 0, 0, 0
0.0887999981641769, 0, 0, 0, 0
0.0889999940991402, 0, 0, 0, 0
0.089199997484684, 0, 0, 0, 0
0.0894000008702278, 0, 0, 0, 0
0.089599996805191, 0, 0, 0, 0
0.0898000001907349, 0, 0, 0, 0
0.0899999961256981, 0, 0, 0, 0
0.0901999995112419, 0, 0, 0, 0
0.0903999954462051, 0, 0, 0, 0
0.090599998831749, 0, 0, 0, 0
0.0907999947667122, 0, 0, 0, 0
0.090999998152256, 0, 0, 0, 0
0.0911999940872192, 0, 0, 0, 0
0.0913999974727631, 0, 0, 0, 0
0.0916000008583069, 0, 0, 0, 0
0.0917999967932701, 0, 0, 0, 0
0.0920000001788139, 0, 0, 0, 0
0.0921999961137772, 0, 0, 0, 0
0.092399999499321, 0, 0, 0, 0
0.0925999954342842, 0, 0, 0, 0
0.092799998819828, 0, 0, 0, 0
0.0929999947547913, 0, 0, 0, 0
0.0931999981403351, 0, 0, 0, 0
0.0933999940752983, 0, 0, 0, 0
0.0935999974608421, 0, 0, 0, 0
0.093800000846386, 0, 0, 0, 0
0.0939999967813492, 0, 0, 0, 0
0.094200000166893, 0, 0, 0, 0
0.0943999961018562, 0, 0, 0, 0
0.0945999994874001, 0, 0, 0, 0
0.0947999954223633, 0, 0, 0, 0
0.0949999988079071, 0, 0, 0, 0
0.0951999947428703, 0, 0, 0, 0
0.0953999981284142, 0, 0, 0, 0
0.0955999940633774, 0, 0, 0, 0
0.0957999974489212, 0, 0, 0, 0
0.096000000834465, 0, 0, 0, 0
0.0961999967694283, 0, 0, 0, 0
0.0964000001549721, 0, 0, 0, 0
0.0965999960899353, 0, 0, 0, 0
0.0967999994754791, 0, 0, 0, 0
0.0969999954104424, 0, 0, 0, 0
0.0971999987959862, 0, 0, 0, 0
0.0973999947309494, 0, 0, 0, 0
0.0975999981164932, 0, 0, 0, 0
0.0977999940514565, 0, 0, 0, 0
0.0979999974370003, 0, 0, 0, 0
0.0982000008225441, 0, 0, 0, 0
0.0983999967575073, 0, 0, 0, 0
0.0986000001430511, 0, 0, 0, 0
0.0987999960780144, 0, 0, 0, 0
0.0989999994635582, 0, 0, 0, 0
0.0991999953985214, 0, 0, 0, 0
0.0993999987840652, 0, 0, 0, 0
0.0995999947190285, 0, 0, 0, 0
0.0997999981045723, 0, 0, 0, 0
0.0999999940395355, 0, 0, 0, 0
0.100199997425079, 45, 197.802192805294, 0.917040659440307, 0.00263393066561269
0.100400000810623, 45, 343.115912190145, 2.50777171479829, 0.0196971392196639
0.100599996745586, 45, 449.548554073269, 4.59192829219225, 0.0660415640701127
0.10080000013113, 45, 527.181823600199, 7.03598439531981, 0.155051827866362
0.100999996066093, 45, 583.485234160803, 9.74104236295058, 0.297192619088814
0.101199999451637, 45, 623.992920954024, 12.6338604492218, 0.49991861231755
0.1013999953866, 45, 652.805093637159, 15.6602052813824, 0.768107590034326
0.101599998772144, 45, 672.959563639541, 18.779926740659, 1.1046251901532
0.101799994707108, 45, 686.707009503553, 21.963308949211, 1.51085468820183
0.101999998092651, 45, 695.714921528432, 25.188366708063, 1.98713407228508
0.102199994027615, 45, 701.218704766679, 28.4388424141296, 2.53309212439827
0.102399997413158, 45, 704.133631540666, 31.7027219615755, 3.1478951536104
0.102600000798702, 45, 705.137787292964, 34.9711351601194, 3.830421925103
0.102799996733665, 45, 704.733525341315, 38.2375410440639, 4.57938405397243
0.103000000119209, 45, 703.292998838865, 41.4971242590155, 5.39340654338238
0.103199996054173, 45, 701.091895503922, 44.7463478379763, 6.27108003980478
0.103399999439716, 45, 698.334431757589, 47.9826218479132, 7.21099351301097
0.10359999537468, 45, 695.171870938365, 51.2040578860396, 8.21175370222099
0.103799998760223, 45, 691.716243491461, 54.4092871831501, 9.27199583132596
0.103999994695187, 45, 688.050512290586, 57.5973258341918, 10.3903887227115
0.10419999808073, 45, 684.236104150301, 60.7674749459945, 11.565636441703
0.104399994015694, 45, 680.31848994281, 63.9192466555729, 12.7964778949001
0.104599997401237, 45, 676.331318921107, 67.0523093162706, 14.0816853113902
0.104800000786781, 45, 672.29948185003, 70.166446885617, 15.4200621970222
0.104999996721745, 45, 668.241380488384, 73.261528835422, 16.8104411236309
0.105200000107288, 45, 664.170609054505, 76.3374878579436, 18.251681564126
0.105399996042252, 45, 660.097200028781, 79.394303348276, 19.7426678866413
0.105599999427795, 45, 656.028547172225, 82.4319891664203, 21.2823075593803
0.105799995362759, 45, 651.970089393517, 85.4505845702388, 22.8695295803987
0.105999998748302, 45, 647.925817427983, 88.4501474977632, 24.5032831250377
0.106199994683266, 45, 643.898649237406, 91.430749590178, 26.1825363923845
0.10639999806881, 45, 639.89070814471, 94.3924725045001, 27.9062756271839
0.106599994003773, 45, 635.903528904596, 97.3354051818179, 29.6735042925015
0.106799997389317, 45, 631.938210381698, 100.259641823522, 31.4832423695002
0.10700000077486, 45, 627.995528670071, 103.165280392106, 33.3345257628818
0.107199996709824, 45, 624.076020903522, 106.052421500631, 35.2264057931922
0.107400000095367, 45, 620.180047350683, 108.92116759016, 37.1579487599241
0.107599996030331, 45, 616.307837421173, 111.771622320571, 39.1282355619288
0.107799999415874, 45, 612.45952375141, 114.603890119456, 41.1363613639842
0.107999995350838, 45, 608.6351674586, 117.418075848158, 43.1814353003943
0.108199998736382, 45, 604.83477685118, 120.214284554613, 45.2625802082276
0.108399994671345, 45, 601.058321291118, 122.992621290496, 47.378932384251
0.108599998056889, 45, 597.305741464199, 125.753190976031, 49.5296413608088
0.108799993991852, 45, 593.576956988972, 128.496098300108, 51.7138696968751
0.108999997377396, 45, 589.87187205388, 131.221447646577, 53.9307927812946
0.109200000762939, 45, 586.190379593475, 133.929343039933, 56.1795986458619
0.109399996697903, 45, 582.532364382204, 136.619888105377, 58.4594877863943
0.109600000083447, 45, 578.897705326242, 139.293186039528, 60.769672990353
0.10979999601841, 45, 575.286277161119, 141.949339589044, 63.1093791698871
0.109999999403954, 45, 571.697951709108, 144.588451035091, 65.4778431994194
0.110199995338917, 45, 568.13259881043, 147.210622182163, 67.8743137570922
0.110399998724461, 45, 564.590087012774, 149.815954350118, 70.2980511695398
0.110599994659424, 45, 561.070284081754, 152.404548368616, 72.7483272595766
0.110799998044968, 45, 557.573057378686, 154.976504573323, 75.2244251964779
0.110999993979931, 45, 554.098274140059, 157.531922803448, 77.7256393486051
0.111199997365475, 45, 550.645801684164, 160.07090240025, 80.2512751381804
0.111400000751019, 45, 547.215507563745, 162.593542206288, 82.8006488980583
0.111599996685982, 45, 543.807259678656, 165.099940565209, 85.3730877303753
0.111800000071526, 45, 540.420926358884, 167.590195321947, 87.9679293669838
0.111999996006489, 45, 537.056376425594, 170.064403823233, 90.5845220315944
0.112199999392033, 45, 533.713479235911, 172.522662918327, 93.2222243035682
0.112399995326996, 45, 530.392104715625, 174.965068959932, 95.8804049833081
0.11259999871254, 45, 527.092123382954, 177.391717805236, 98.5584429592125
0.112799994647503, 45, 523.813406365676, 179.80270481706, 101.255727076155
0.112999998033047, 45, 520.555825413338, 182.198124865078, 103.971656005462
0.11319999396801, 45, 517.319252905824, 184.578072327103, 106.70563811637
0.113399997353554, 45, 514.103561859205, 186.942641090423, 109.457091348928
0.113600000739098, 45, 510.908625929586, 189.291924553172, 112.225443088342
0.113799996674061, 45, 507.734319415457, 191.626015625735, 115.010130040733
0.114000000059605, 45, 504.580517258927, 193.945006732179, 117.810598110293
0.114199995994568, 45, 501.44709504614, 196.248989811707, 120.626302277831
0.114399999380112, 45, 498.33392900707, 198.538056320131, 123.456706480689
0.114599995315075, 45, 495.240896014848, 200.812297231359, 126.301283494015
0.114799998700619, 45, 492.167873584756, 203.071803038904, 129.159514813381
0.114999994635582, 45, 489.114739872952, 205.316663757401, 132.030890538732
0.115199998021126, 45, 486.081373675004, 207.546968924137, 134.914909259652
0.115399993956089, 45, 483.067654424273, 209.762807600596, 137.811077941944
0.115599997341633, 45, 480.073462190182, 211.964268374008, 140.718911815496
0.115800000727177, 45, 477.0986776764, 214.151439358919, 143.637934263433
0.11599999666214, 45, 474.143182218957, 216.324408198762, 146.56767671254
0.116200000047684, 45, 471.206857784304, 218.483262067439, 149.507678524946
0.116399995982647, 45, 468.289586967335, 220.628087670914, 152.457486891046
0.116599999368191, 45, 465.391252989367, 222.758971248813, 155.416656723673
0.116799995303154, 45, 462.511739696099, 224.875998576033, 158.384750553481
0.116999998688698, 45, 459.650931555541, 226.979254964359, 161.361338425548
0.117199994623661, 45, 456.808713655933, 229.068825264086, 164.345997797177
0.117399998009205, 45, 453.984971703631, 231.144793865653, 167.338313436887
0.117599993944168, 45, 451.179592020989, 233.207244701277, 170.337877324588
0.117799997329712, 45, 448.392461544229, 235.256261246605, 173.344288552912
0.118000000715256, 45, 445.623467821285, 237.291926522357, 176.357153229717
0.118199996650219, 45, 442.872499009652, 239.314323095993, 179.376084381717
0.118400000035763, 45, 440.13944387421, 241.323533083368, 182.400701859265
0.118599995970726, 45, 437.424191785051, 243.319638150409, 185.430632242244
0.11879999935627, 45, 434.726632715282, 245.302719514783, 188.465508747084
0.118999995291233, 45, 432.046657238836, 247.272857947586, 191.504971134867
0.119199998676777, 45, 429.384156528259, 249.230133775021, 194.548665620537
0.11939999461174, 45, 426.7390223525, 251.174626880092, 197.596244783179
0.119599997997284, 45, 424.111147074686, 253.106416704298, 200.647367477373
0.119799993932247, 45, 421.500423649899, 255.025582249335, 203.701698745611
0.119999997317791, 45, 418.906745622933, 256.932202078796, 206.758909731752
0.120199993252754, 45, 416.330007126057, 258.826354319882, 209.818677595526
0.120399996638298, 45, 413.770102876765, 260.708116665112, 212.88068542806
0.120600000023842, 45, 411.226928175522, 262.577566374038, 215.944622168424
0.120799995958805, 45, 408.700378903503, 264.434780274967, 219.010182521184
0.120999999344349, 45, 406.190351520329, 266.279834766678, 222.077066874952
0.121199995279312, 45, 403.696743061796, 268.112805820151, 225.144981221923
0.121399998664856, 45, 401.219451137601, 269.933768980293, 228.21363707839
0.121599994599819, 45, 398.758373929059, 271.742799367671, 231.282751406226
0.121799997985363, 45, 396.313410186823, 273.539971680242, 234.352046535323
0.121999993920326, 45, 393.884459228594, 275.325360195089, 237.42125008698
0.12219999730587, 45, 391.471420936829, 277.099038770161, 240.490094898227
0.122399993240833, 45, 389.074195756445, 278.861080846012, 243.558318947079
0.122599996626377, 45, 386.692684692522, 280.611559447538, 246.625665278705
0.122800000011921, 45, 384.326789308002, 282.350547185728, 249.691881932512
0.122999995946884, 45, 381.976411721382, 284.078116259402, 252.756721870123
0.123199999332428, 45, 379.641454604406, 285.794338456957, 255.819942904246
0.123399995267391, 45, 377.32182117976, 287.49928515812, 258.88130762843
0.123599998652935, 45, 375.017415218757, 289.193027335689, 261.940583347683
0.123799994587898, 45, 372.728141039023, 290.875635557285, 264.99754200996
0.123999997973442, 45, 370.453903502184, 292.547179987103, 268.0519601385
0.124199993908405, 45, 368.194608011547, 294.207730387659, 271.103618765008
0.124399997293949, 45, 365.950160509783, 295.857356121541, 274.152303363675
0.124599993228912, 45, 363.720467476608, 297.496126153163, 277.197803786022
0.124799996614456, 45, 361.505435926462, 299.124109050511, 280.23991419656
0.125, 45, 359.304973406189, 300.741372986898, 283.27843300926
0.125200003385544, 45, 357.118987992715, 302.347985742711, 286.313162824828
0.125399991869926, 45, 354.947388290727, 303.944014707164, 289.343910368761
0.12559999525547, 45, 352.790083430351, 305.529526880048, 292.370486430196
0.125799998641014, 45, 350.64698306483, 307.104588873476, 295.392705801526
0.126000002026558, 45, 348.517997368202, 308.669266913638, 298.410387218788
0.126199990510941, 45, 346.403037032981, 310.223626842544, 301.423353302802
0.126399993896484, 45, 344.302013267836, 311.767734119774, 304.431430501068
0.126599997282028, 45, 342.21483779527, 313.30165382422, 307.434449030391
0.126800000667572, 45, 340.141422849301, 314.825450655835, 310.432242820254
0.127000004053116, 45, 338.081681173147, 316.339188937374, 313.424649456907
0.127199992537498, 45, 336.035526016909, 317.842932616134, 316.411510128169
0.127399995923042, 45, 334.002871135252, 319.336745265699, 319.392669568954
0.127599999308586, 45, 331.983630785099, 320.820690087674, 322.367976007478
0.12780000269413, 45, 329.977719723312, 322.294829913425, 325.337281112178
0.127999991178513, 45, 327.985053204388, 323.759227205813, 328.300439939302
0.128199994564056, 45, 326.005546978148, 325.213944060928, 331.257310881187
0.1283999979496, 45, 324.039117287434, 326.659042209819, 334.207755615201
0.128600001335144, 45, 322.085680865803, 328.094583020221, 337.15163905335
0.128799989819527, 45, 320.145154935231, 329.520627498287, 340.088829292538
0.128999993205071, 45, 318.217457203807, 330.937236290308, 343.019197565482
0.129199996590614, 45, 316.302505863449, 332.344469684436, 345.942618192258
0.129399999976158, 45, 314.400219587601, 333.742387612403, 348.858968532483
0.129600003361702, 45, 312.510517528951, 335.131049651238, 351.768128938129
0.129799991846085, 45, 310.633319317139, 336.510515024981, 354.66998270695
0.129999995231628, 45, 308.768545056481, 337.880842606393, 357.564416036518
0.130199998617172, 45, 306.916115323683, 339.242090918666, 360.451317978874
0.130400002002716, 45, 305.075951165568, 340.594318137126, 363.330580395766
0.130599990487099, 45, 303.247974096805, 341.937582090938, 366.202097914486
0.130799993872643, 45, 301.432106097636, 343.271940264802, 369.065767884286
0.130999997258186, 45, 299.628269611616, 344.59744980065, 371.921490333375
0.13120000064373, 45, 297.83638754335, 345.914167499337, 374.769167926481
0.131400004029274, 45, 296.056383256237, 347.222149822334, 377.608705922988
0.131599992513657, 45, 294.288180570215, 348.521452893409, 380.440012135619
0.1317999958992, 45, 292.531703759518, 349.81213250031, 383.262996889674
0.131999999284744, 45, 290.786877550428, 351.094244096447, 386.077572982818
0.132200002670288, 45, 289.053627119036, 352.367842802562, 388.8836556454
0.132399991154671, 45, 287.33187808901, 353.632983408401, 391.681162501306
0.132599994540215, 45, 285.621556529362, 354.889720374383, 394.470013529341
0.132799997925758, 45, 283.922588952226, 356.138107833263, 397.250131025126
0.133000001311302, 45, 282.234902310635, 357.378199591791, 400.02143956351
0.133199989795685, 45, 280.558423996307, 358.610049132363, 402.783865961494
0.133399993181229, 45, 278.893081837434, 359.833709614682, 405.537339241644
0.133599996566772, 45, 277.238804096479, 361.049233877394, 408.281790596018
0.133799999952316, 45, 275.595519467973, 362.256674439739, 411.017153350563
0.13400000333786, 45, 273.963157076323, 363.456083503187, 413.743362930009
0.134199991822243, 45, 272.341646473624, 364.647512953071, 416.460356823235
0.134399995207787, 45, 270.730917637471, 365.831014360219, 419.168074549112
0.13459999859333, 45, 269.130900968785, 367.006638982579, 421.866457622803
0.134800001978874, 45, 267.541527289637, 368.17443776684, 424.555449522538
0.134999990463257, 45, 265.962727841087, 369.334461350048, 427.23499565683
0.135199993848801, 45, 264.394434281017, 370.486760061222, 429.905043332151
0.135399997234344, 45, 262.83657868198, 371.631383922954, 432.565541721049
0.135600000619888, 45, 261.289093529047, 372.768382653019, 435.216441830703
0.135800004005432, 45, 259.751911717668, 373.89780566597, 437.857696471913
0.135999992489815, 45, 258.224966551533, 375.019702074731, 440.48926022852
0.136199995875359, 45, 256.708191740441, 376.134120692189, 443.111089427246
0.136399999260902, 45, 255.201521398174, 377.241110032772, 445.723142107956
0.136600002646446, 45, 253.704890040382, 378.340718314033, 448.325377994329
0.136799991130829, 45, 252.218232582466, 379.432993458222, 450.91775846494
0.136999994516373, 45, 250.741484337475, 380.517983093855, 453.500246524745
0.137199997901917, 45, 249.274581014008, 381.595734557279, 456.072806776962
0.13740000128746, 45, 247.817458714115, 382.66629489423, 458.635405395348
0.137599989771843, 45, 246.370053931218, 383.729710861388, 461.188010096859
0.137799993157387, 45, 244.932303548024, 384.786028927924, 463.730590114703
0.137999996542931, 45, 243.504144834457, 385.835295277048, 466.263116171762
0.138199999928474, 45, 242.08551544559, 386.877555807542, 468.785560454395
0.138400003314018, 45, 240.67635341958, 387.912856135299, 471.297896586606
0.138599991798401, 45, 239.276597175624, 388.941241594846, 473.80009960458
0.138799995183945, 45, 237.886185511904, 389.962757240872, 476.292145931578
0.138999998569489, 45, 236.505057603552, 390.977447849741, 478.774013353187
0.139200001955032, 45, 235.133153000616, 391.985357921009, 481.245680992926
0.139399990439415, 45, 233.770411626034, 392.986531678929, 483.707129288192
0.139599993824959, 45, 232.416773773615, 393.98101307395, 486.158339966555
0.139799997210503, 45, 231.072180106029, 394.968845784219, 488.599296022389
0.140000000596046, 45, 229.7365716528, 395.950073217066, 491.029981693833
0.140199989080429, 45, 228.409889808308, 396.924738510495, 493.450382440094
0.140399992465973, 45, 227.092076329802, 397.892884534661, 495.860484919062
0.140599995851517, 45, 225.78307333541, 398.854553893345, 498.260276965252
0.140799999237061, 45, 224.48282330217, 399.809788925422, 500.64974756807
0.141000002622604, 45, 223.191269064055, 400.758631706328, 503.028886850383
0.141199991106987, 45, 221.908353810016, 401.701124049515, 505.397686047405
0.141399994492531, 45, 220.634021082022, 402.637307507905, 507.756137485881
0.141599997878075, 45, 219.368214773117, 403.567223375336, 510.104234563589
0.141800001263618, 45, 218.110879125479, 404.490912688003, 512.441971729118
0.141999989748001, 45, 216.861958728485, 405.408416225898, 514.76934446196
0.142199993133545, 45, 215.621398516789, 406.319774514234, 517.086349252879
0.142399996519089, 45, 214.3891437684, 407.225027824874, 519.392983584575
0.142599999904633, 45, 213.165140102776, 408.124216177746, 521.689245912627
0.142800003290176, 45, 211.949333478918, 409.017379342263, 523.975135646715
0.142999991774559, 45, 210.741670193473, 409.904556838723, 526.250653132121
0.143199995160103, 45, 209.542096878851, 410.785787939714, 528.515799631499
0.143399998545647, 45, 208.350560501337, 411.661111671514, 530.770577306918
0.14360000193119, 45, 207.167008359224, 412.530566815474, 533.014989202164
0.143799990415573, 45, 205.991388080944, 413.394191909409, 535.24903922531
0.143999993801117, 45, 204.82364762321, 414.252025248976, 537.472732131543
0.144199997186661, 45, 203.663735269167, 415.104104889044, 539.686073506239
0.144400000572205, 45, 202.511599626545, 415.950468645067, 541.889069748305
0.144599989056587, 45, 201.367189625829, 416.79115409444, 544.081728053755
0.144799992442131, 45, 200.230454518426, 417.626198577862, 546.264056399536
0.144999995827675, 45, 199.101343874847, 418.455639200679, 548.436063527601
0.145199999213219, 45, 197.979807582894, 419.279512834236, 550.597758929213
0.145400002598763, 45, 196.865795845855, 420.09785611721, 552.749152829493
0.145599991083145, 45, 195.759259180704, 420.910705456946, 554.890256172193
0.145799994468689, 45, 194.660148416315, 421.718097030787, 557.021080604702
0.145999997854233, 45, 193.568414691677, 422.520066787387, 559.141638463281
0.146200001239777, 45, 192.484009454119, 423.316650448039, 561.251942758521
0.146399989724159, 45, 191.406884457545, 424.107883507974, 563.352007161014
0.146599993109703, 45, 190.336991760672, 424.893801237673, 565.441845987256
0.146799996495247, 45, 189.27428372528, 425.67443868416, 567.521474185751
0.146999999880791, 45, 188.218713014469, 426.449830672301, 569.590907323335
0.147200003266335, 45, 187.17023259092, 427.220011806083, 571.650161571709
0.147399991750717, 45, 186.128795715165, 427.985016469903, 573.699253694176
0.147599995136261, 45, 185.094355943872, 428.74487882984, 575.73820103258
0.147799998521805, 45, 184.066867128125, 429.499632834922, 577.767021494455
0.148000001907349, 45, 183.046283411721, 430.249312218396, 579.785733540358
0.148199990391731, 45, 182.032559229472, 430.993950498982, 581.794356171413
0.148399993777275, 45, 181.025649305514, 431.733580982124, 583.792908917037
0.148599997162819, 45, 180.025508651624, 432.468236761243, 585.781411822862
0.148800000548363, 45, 179.032092565545, 433.197950718969, 587.759885438842
0.148999989032745, 45, 178.045356629317, 433.922755528385, 589.72835080755
0.149199992418289, 45, 177.065256707622, 434.642683654251, 591.686829452649
0.149399995803833, 45, 176.091748946124, 435.357767354227, 593.635343367555
0.149599999189377, 45, 175.124789769831, 436.068038680095, 595.573915004271
0.149800002574921, 45, 174.164335881455, 436.773529478969, 597.502567262395
0.149999991059303, 45, 173.210344259782, 437.474271394499, 599.421323478308
0.150199994444847, 45, 172.262772158054, 438.170295868076, 601.330207414527
0.150399997830391, 45, 171.321577102348, 438.861634140026, 603.229243249228
0.150600001215935, 45, 170.386716889978, 439.548317250794, 605.118455565939
0.150799989700317, 45, 169.458149587889, 440.230376042137, 606.997869343392
0.150999993085861, 45, 168.535833531068, 440.907841158294, 608.867509945539
0.151199996471405, 45, 167.619727320961, 441.580743047161, 610.727403111727
0.151399999856949, 45, 166.709789823897, 442.249111961458, 612.577574947034
0.151600003242493, 45, 165.805980169516, 442.91297795989, 614.418051912753
0.151799991726875, 45, 164.908257749213, 443.5723709083, 616.248860817037
0.151999995112419, 45, 164.016582214581, 444.227320480821, 618.070028805687
0.152199998497963, 45, 163.130913475864, 444.87785616102, 619.881583353099
0.152400001883507, 45, 162.251211700421, 445.524007243034, 621.683552253349
0.152599990367889, 45, 161.377437311194, 446.165802832704, 623.475963611425
0.152799993753433, 45, 160.509550985185, 446.803271848703, 625.258845834607
0.152999997138977, 45, 159.647513651939, 447.436443023657, 627.032227623979
0.153200000524521, 45, 158.791286492033, 448.065344905258, 628.79613796609
0.153399989008904, 45, 157.940830935581, 448.690005857379, 630.550606124743
0.153599992394447, 45, 157.096108660735, 449.310454061177, 632.295661632928
0.153799995779991, 45, 156.2570815922, 449.926717516189, 634.031334284876
0.153999999165535, 45, 155.423711899755, 450.538824041432, 635.757654128259
0.154200002551079, 45, 154.595961996783, 451.146801276484, 637.474651456509
0.154399991035461, 45, 153.773794538805, 451.750676682572, 639.182356801268
0.154599994421005, 45, 152.957172422024, 452.350477543648, 640.880800924966
0.154799997806549, 45, 152.146058781873, 452.946230967459, 642.570014813521
0.155000001192093, 45, 151.340416991579, 453.537963886613, 644.250029669159
0.155199989676476, 45, 150.540210660721, 454.125703059643, 645.920876903362
0.155399993062019, 45, 149.745403633807, 454.709475072058, 647.582588129927
0.155599996447563, 45, 148.955959988852, 455.289306337397, 649.235195158148
0.155799999833107, 45, 148.171844035966, 455.865223098269, 650.878729986114
0.156000003218651, 45, 147.393020315948, 456.437251427396, 652.513224794112
0.156199991703033, 45, 146.619453598885, 457.005417228645, 654.138711938157
0.156399995088577, 45, 145.851108882764, 457.569746238055, 655.755223943623
0.156599998474121, 45, 145.087951392087, 458.130264024861, 657.362793498982
0.156800001859665, 45, 144.329946576492, 458.686995992512, 658.961453449658
0.156999990344048, 45, 143.577060109387, 459.239967379683, 660.551236791984
0.157199993729591, 45, 142.829257886581, 459.789203261281, 662.132176667262
0.157399997115135, 45, 142.086506024937, 460.334728549449, 663.704306355927
0.157600000500679, 45, 141.348770861014, 460.876567994557, 665.267659271813
0.157799988985062, 45, 140.616018949733, 461.4147461862, 666.822268956525
0.157999992370605, 45, 139.88821706304, 461.949287554178, 668.368169073894
0.158199995756149, 45, 139.165332188577, 462.48021636948, 669.905393404552
0.158399999141693, 45, 138.447331528362, 463.007556745258, 671.433975840582
0.158600002527237, 45, 137.73418249748, 463.531332637797, 672.953950380274
0.15879999101162, 45, 137.02585272277, 464.051567847481, 674.465351122976
0.158999994397163, 45, 136.322310041529, 464.56828601975, 675.968212264027
0.159199997782707, 45, 135.62352250022, 465.08151064606, 677.46256808979
0.159400001168251, 45, 134.929458353184, 465.591265064825, 678.948452972768
0.159599989652634, 45, 134.240086061363, 466.097572462368, 680.425901366816
0.159799993038177, 45, 133.555374291028, 466.600455873858, 681.894947802428
0.159999996423721, 45, 132.875291912513, 467.099938184242, 683.355626882122
0.160199999809265, 45, 132.199807998956, 467.596042129176, 684.807973275898
0.160400003194809, 45, 131.528891825048, 468.088790295952, 686.252021716789
0.160599991679192, 45, 130.862512865791, 468.57820512441, 687.687806996484
0.160799995064735, 45, 130.200640795257, 469.064308907859, 689.115363961041
0.160999998450279, 45, 129.543245485354, 469.54712379398, 690.534727506674
0.161200001835823, 45, 128.890297004609, 470.026671785737, 691.945932575616
0.161399990320206, 45, 128.241765616943, 470.502974742267, 693.349014152069
0.16159999370575, 45, 127.597621780464, 470.976054379784, 694.744007258214
0.161799997091293, 45, 126.957836146258, 471.445932272461, 696.130946950314
0.162000000476837, 45, 126.322379557197, 471.912629853316, 697.509868314877
0.16219998896122, 45, 125.691223046743, 472.376168415093, 698.880806464897
0.162399992346764, 45, 125.064337837762, 472.836569111136, 700.243796536168
0.162599995732307, 45, 124.44169534135, 473.293852956257, 701.598873683663
0.162799999117851, 45, 123.823267155658, 473.748040827602, 702.946073077991
0.163000002503395, 45, 123.209025064729, 474.199153465514, 704.285429901911
0.163199990987778, 45, 122.598941037334, 474.64721147438, 705.616979346927
0.163399994373322, 45, 121.992987225825, 475.092235323492, 706.940756609935
0.163599997758865, 45, 121.391135964988, 475.534245347883, 708.256796889947
0.163800001144409, 45, 120.793359770898, 475.973261749176, 709.565135384875
0.163999989628792, 45, 120.199631339795, 476.409304596414, 710.865807288377
0.164199993014336, 45, 119.609923546946, 476.842393826895, 712.158847786765
0.164399996399879, 45, 119.024209445533, 477.272549246997, 713.44429205598
0.164599999785423, 45, 118.442462265535, 477.699790533002, 714.722175258623
0.164800003170967, 45, 117.864655412619, 478.124137231913, 715.992532541046
0.16499999165535, 45, 117.29076246704, 478.545608762265, 717.255399030502
0.165199995040894, 45, 116.720757182544, 478.964224414936, 718.510809832355
0.165399998426437, 45, 116.154613485279, 479.380003353947, 719.758800027343
0.165600001811981, 45, 115.592305472711, 479.792964617266, 720.999404668903
0.165799990296364, 45, 115.033807412547, 480.2031271176, 722.232658780546
0.165999993681908, 45, 114.479093741664, 480.610509643184, 723.458597353287
0.166199997067451, 45, 113.928139065045, 481.015130858567, 724.677255343131
0.166400000452995, 45, 113.380918154717, 481.417009305395, 725.888667668613
0.166599988937378, 45, 112.8374059487, 481.816163403185, 727.092869208385
0.166799992322922, 45, 112.297577549961, 482.212611450099, 728.289894798855
0.166999995708466, 45, 111.761408225372, 482.606371623711, 729.479779231884
0.167199999094009, 45, 111.228873404672, 482.99746198177, 730.662557252522
0.167400002479553, 45, 110.699948679444, 483.385900462958, 731.8382635568
0.167599990963936, 45, 110.174609802086, 483.771704887646, 733.006932789567
0.16779999434948, 45, 109.652832684798, 484.154892958644, 734.168599542375
0.167999997735024, 45, 109.134593398567, 484.535482261946, 735.323298351411
0.168200001120567, 45, 108.619868172164, 484.913490267471, 736.471063695475
0.16839998960495, 45, 108.108633391142, 485.288934329801, 737.611929994002
0.168599992990494, 45, 107.600865596846, 485.661831688915, 738.745931605129
0.168799996376038, 45, 107.096541485417, 486.032199470914, 739.873102823807
0.168999999761581, 45, 106.59563790682, 486.400054688749, 740.993477879956
0.169200003147125, 45, 106.098131863855, 486.765414242939, 742.107090936657
0.169399991631508, 45, 105.604000511198, 487.12829492229, 743.213976088396
0.169599995017052, 45, 105.113221154427, 487.4887134046, 744.314167359336
0.169799998402596, 45, 104.625771249063, 487.846686257374, 745.407698701645
0.170000001788139, 45, 104.14162839962, 488.202229938523, 746.494603993848
0.170199990272522, 45, 103.660770358652, 488.555360797066, 747.574917039231
0.170399993658066, 45, 103.183175025814, 488.906095073822, 748.648671564272
0.17059999704361, 45, 102.708820446917, 489.254448902104, 749.715901217122
0.170800000429153, 45, 102.237684813006, 489.600438308403, 750.776639566113
0.170999988913536, 45, 101.769746459424, 489.944079213075, 751.830920098309
0.17119999229908, 45, 101.304983864896, 490.285387431016, 752.878776218087
0.171399995684624, 45, 100.843375650611, 490.624378672341, 753.920241245764
0.171599999070168, 45, 100.384900579314, 490.961068543049, 754.955348416246
0.171800002455711, 45, 99.9295375543978, 491.295472545695, 755.984130877723
0.171999990940094, 45, 99.4772656190047, 491.627606080053, 757.006621690385
0.172199994325638, 45, 99.0280639551327, 491.957484443771, 758.022853825189
0.172399997711182, 45, 98.5819118827456, 492.28512283303, 759.032860162639
0.172600001096725, 45, 98.1387888588894, 492.610536343194, 760.036673491613
0.172799989581108, 45, 97.6986744768138, 492.933739969455, 761.034326508216
0.172999992966652, 45, 97.2615484650984, 493.254748607482, 762.025851814659
0.173199996352196, 45, 96.827390686785, 493.573577054054, 763.011281918185
0.17339999973774, 45, 96.3961811385142, 493.890240007701, 763.990649230001
0.173599988222122, 45, 95.9678999496681, 494.204752069334, 764.963986064264
0.173799991607666, 45, 95.5425273815168, 494.517127742873, 765.931324637077
0.17399999499321, 45, 95.1200438263711, 494.827381435871, 766.892697065527
0.174199998378754, 45, 94.7004298067402, 495.135527460137, 767.848135366742
0.174400001764297, 45, 94.2836659744936, 495.44158003235, 768.797671456983
0.17459999024868, 45, 93.8697331100288, 495.745553274675, 769.741337150755
0.174799993634224, 45, 93.4586121214439, 496.04746121537, 770.679164159953
0.174999997019768, 45, 93.0502840437148, 496.347317789395, 771.611184093029
0.175200000405312, 45, 92.6447300378776, 496.645136839011, 772.537428454189
0.175399988889694, 45, 92.2419313902162, 496.94093211438, 773.457928642611
0.175599992275238, 45, 91.8418695114541, 497.234717274161, 774.372715951689
0.175799995660782, 45, 91.4445259359514, 497.5265058861, 775.281821568304
0.175999999046326, 45, 91.0498823209072, 497.816311427618, 776.185276572121
0.17620000243187, 45, 90.6579204455658, 498.104147286396, 777.0831119349
0.176399990916252, 45, 90.2686222104284, 498.390026760956, 777.975358519841
0.176599994301796, 45, 89.8819696364696, 498.673963061234, 778.86204708095
0.17679999768734, 45, 89.497944864358, 498.955969309162, 779.743208262418
0.177000001072884, 45, 89.1165301536823, 499.236058539229, 780.618872598039
0.177199989557266, 45, 88.7377078821816, 499.514243699054, 781.489070510632
0.17739999294281, 45, 88.3614605449804, 499.790537649947, 782.353832311498
0.177599996328354, 45, 87.987770753829, 500.064953167469, 783.213188199889
0.177799999713898, 45, 87.6166212363468, 500.337502941987, 784.067168262506
0.17799998819828, 45, 87.2479948352725, 500.60819957923, 784.915802473007
0.178199991583824, 45, 86.8818745077168, 500.877055600837, 785.759120691547
0.178399994969368, 45, 86.5182433244209, 501.144083444903, 786.597152664325
0.178599998354912, 45, 86.1570844690192, 501.40929546652, 787.42992802316
0.178800001740456, 45, 85.7983812373064, 501.672703938323, 788.257476285082
0.178999990224838, 45, 85.4421170365091, 501.934321051018, 789.07982685194
0.179199993610382, 45, 85.088275384562, 502.19415891392, 789.897009010032
0.179399996995926, 45, 84.7368399093883, 502.452229555483, 790.709051929751
0.17960000038147, 45, 84.3877943481851, 502.708544923824, 791.515984665248
0.179799988865852, 45, 84.041122546712, 502.963116887247, 792.317836154111
0.179999992251396, 45, 83.6968084585857, 503.215957234763, 793.114635217066
0.18019999563694, 45, 83.3548361445772, 503.467077676608, 793.906410557688
0.180399999022484, 45, 83.015189771915, 503.716489844755, 794.693190762137
0.180600002408028, 45, 82.677853613591, 503.964205293425, 795.475004298896
0.18079999089241, 45, 82.3428120476722, 504.210235499593, 796.251879518544
0.180999994277954, 45, 82.0100495566151, 504.454591863494, 797.023844653524
0.181199997663498, 45, 81.6795507265859, 504.697285709125, 797.790927817943
0.181400001049042, 45, 81.3513002467836, 504.938328284738, 798.553157007377
0.181599989533424, 45, 81.0252829087681, 505.177730763341, 799.310560098695
0.181799992918968, 45, 80.7014836057919, 505.415504243183, 800.063164849892
0.181999996304512, 45, 80.3798873321366, 505.651659748249, 800.810998899947
0.182199999690056, 45, 80.0604791824526, 505.886208228742, 801.55408976868
0.182399988174438, 45, 79.7432443511041, 506.119160561566, 802.292464856636
0.182599991559982, 45, 79.4281681315167, 506.350527550808, 803.026151444972
0.182799994945526, 45, 79.1152359155303, 506.580319928211, 803.755176695366
0.18299999833107, 45, 78.8044331927557, 506.80854835365, 804.479567649931
0.183200001716614, 45, 78.4957455499347, 507.0352234156, 805.199351231147
0.183399990200996, 45, 78.1891586703046, 507.260355631609, 805.9145542418
0.18359999358654, 45, 77.8846583329666, 507.483955448759, 806.625203364939
0.183799996972084, 45, 77.5822304122585, 507.706033244126, 807.331325163842
0.184000000357628, 45, 77.2818608771302, 507.926599325244, 808.032946081992
0.184199988842011, 45, 76.9835357905247, 508.145663930559, 808.730092443067
0.184399992227554, 45, 76.6872413087615, 508.36323722988, 809.422790450937
0.184599995613098, 45, 76.3929636809246, 508.579329324834, 810.11106618968
0.184799998998642, 45, 76.1006892482543, 508.793950249308, 810.794945623601
0.185000002384186, 45, 75.8104044435426, 509.007109969901, 811.474454597261
0.185199990868568, 45, 75.5220957905327, 509.218818386359, 812.149618835526
0.185399994254112, 45, 75.2357499033216, 509.429085332019, 812.820463943613
0.185599997639656, 45, 74.9513534857675, 509.637920574243, 813.487015407155
0.1858000010252, 45, 74.6688933308996, 509.845333814852, 814.149298592275
0.185999989509583, 45, 74.3883563203329, 510.051334690559, 814.807338745661
0.186199992895126, 45, 74.1097294236859, 510.255932773396, 815.461160994664
0.18639999628067, 45, 73.832999698002, 510.459137571138, 816.110790347392
0.186599999666214, 45, 73.558154287175, 510.660958527729, 816.756251692821
0.186799988150597, 45, 73.2851804213777, 510.861405023699, 817.397569800913
0.18699999153614, 45, 73.0140654164943, 511.060486376586, 818.034769322737
0.187199994921684, 45, 72.7447966735564, 511.258211841345, 818.66787479061
0.187399998307228, 45, 72.4773616781827, 511.454590610768, 819.296910618233
0.187600001692772, 45, 72.2117480000221, 511.649631815884, 819.921901100844
0.187799990177155, 45, 71.9479432921998, 511.843344526376, 820.542870415376
0.187999993562698, 45, 71.685935290768, 512.035737750979, 821.159842620621
0.188199996948242, 45, 71.4257118141593, 512.226820437885, 821.772841657403
0.188400000333786, 45, 71.1672607626434, 512.416601475141, 822.381891348762
0.188599988818169, 45, 70.9105701177881, 512.605089691046, 822.987015400135
0.188799992203712, 45, 70.6556279419228, 512.792293854547, 823.588237399556
0.188999995589256, 45, 70.4024223776058, 512.97822267563, 824.185580817853
0.1891999989748, 45, 70.1509416470952, 513.162884805707, 824.779069008859
0.189400002360344, 45, 69.9011740518225, 513.346288838007, 825.368725209624
0.189599990844727, 45, 69.6531079718706, 513.52844330796, 825.954572540637
0.18979999423027, 45, 69.4067318654536, 513.709356693573, 826.536634006055
0.189999997615814, 45, 69.1620342684015, 513.88903741582, 827.114932493929
0.190200001001358, 45, 68.9190037936472, 514.067493839008, 827.689490776451
0.190399989485741, 45, 68.677629130717, 514.24473427116, 828.260331510194
0.190599992871284, 45, 68.4378990452242, 514.420766964385, 828.827477236363
0.190799996256828, 45, 68.1998023783664, 514.595600115246, 829.390950381052
0.190999999642372, 45, 67.9633280464256, 514.769241865131, 829.950773255505
0.191199988126755, 45, 67.7284650402711, 514.941700300613, 830.506968056381
0.191399991512299, 45, 67.4952024248669, 515.11298345382, 831.059556866026
0.191599994897842, 45, 67.2635293387806, 515.283099302791, 831.608561652753
0.191799998283386, 45, 67.0334349936966, 515.452055771834, 832.154004271117
0.19200000166893, 45, 66.8049086739321, 515.619860731886, 832.695906462209
0.192199990153313, 45, 66.5779397359557, 515.786522000862, 833.234289853939
0.192399993538857, 45, 66.35251760791, 515.952047344009, 833.769175961336
0.1925999969244, 45, 66.1286317891363, 516.116444474256, 834.300586186848
0.192800000309944, 45, 65.9062718497033, 516.279721052558, 834.828541820645
0.192999988794327, 45, 65.6854274299379, 516.441884688246, 835.353064040924
0.193199992179871, 45, 65.4660882399595, 516.602942939362, 835.874173914228
0.193399995565414, 45, 65.2482440592173, 516.762903313008, 836.391892395754
0.193599998950958, 45, 65.0318847360305, 516.921773265675, 836.906240329682
0.193800002336502, 45, 64.8170001871311, 517.079560203588, 837.417238449489
0.193999990820885, 45, 64.6035803972105, 517.236271483034, 837.924907378285
0.194199994206429, 45, 64.391615418468, 517.391914410694, 838.429267629138
0.194399997591972, 45, 64.1810953701629, 517.546496243976, 838.930339605413
0.194600000977516, 45, 63.9720104381691, 517.700024191338, 839.428143601103
0.194799989461899, 45, 63.7643508745329, 517.85250541262, 839.922699801178
0.194999992847443, 45, 63.5581069970332, 518.003947019357, 840.414028281922
0.195199996232986, 45, 63.3532691887451, 518.154356075109, 840.902149011283
0.19539999961853, 45, 63.1498278976057, 518.303739595779, 841.387081849224
0.195599988102913, 45, 62.9477736359831, 518.452104549925, 841.868846548073
0.195799991488457, 45, 62.7470969802483, 518.599457859078, 842.34746275288
0.195999994874001, 45, 62.5477885703492, 518.745806398057, 842.822950001777
0.196199998259544, 45, 62.3498391093881, 518.891156995277, 843.295327726335
0.196400001645088, 45, 62.1532393632015, 519.035516433058, 843.764615251929
0.196599990129471, 45, 61.9579801599428, 519.178891447935, 844.230831798107
0.196799993515015, 45, 61.7640523896673, 519.321288730958, 844.693996478951
0.196999996900558, 45, 61.5714470039207, 519.462714927998, 845.154128303454
0.197200000286102, 45, 61.3801550153294, 519.60317664005, 845.61124617589
0.197399988770485, 45, 61.1901674971937, 519.742680423526, 846.065368896187
0.197599992156029, 45, 61.0014755830843, 519.881232790559, 846.516515160306
0.197799995541573, 45, 60.8140704664402, 520.018840209293, 846.964703560618
0.197999998927116, 45, 60.6279434001703, 520.155509104177, 847.409952586287
0.19820000231266, 45, 60.4430856962568, 520.291245856261, 847.852280623647
0.198399990797043, 45, 60.2594887253616, 520.426056803479, 848.291705956593
0.198599994182587, 45, 60.0771439164356, 520.55994824094, 848.728246766961
0.19879999756813, 45, 59.8960427563293, 520.692926421215, 849.161921134918
0.199000000953674, 45, 59.7161767894073, 520.824997554616, 849.592747039349
0.199199989438057, 45, 59.5375376171645, 520.956167809485, 850.020742358251
0.199399992823601, 45, 59.360116897845, 521.086443312466, 850.445924869117
0.199599996209145, 45, 59.1839063460635, 521.215830148791, 850.868312249341
0.199799999594688, 45, 59.0088977324291, 521.344334362553, 851.287922076598
0.199999988079071, 45, 58.835082883172, 521.471961956978, 851.704771829251
0.200199991464615, 45, 58.6624536797713, 521.598718894705, 852.118878886742
0.200399994850159, 45, 58.4910020585871, 521.724611098049, 852.53026052999
0.200599998235703, 45, 58.3207200104934, 521.849644449279, 852.938933941793
0.200800001621246, 45, 58.1515995805144, 521.973824790877, 853.344916207223
0.200999990105629, 45, 57.9836328674625, 522.09715792581, 853.748224314031
0.201199993491173, 45, 57.8168120235791, 522.219649617793, 854.148875153043
0.201399996876717, 45, 57.6511292541774, 522.34130559155, 854.54688551857
0.20160000026226, 45, 57.4865768172882, 522.462131533074, 854.942272108803
0.201799988746643, 45, 57.3231470233068, 522.582133089891, 855.335051526222
0.201999992132187, 45, 57.1608322346436, 522.70131587131, 855.725240278
0.202199995517731, 45, 56.9996248653758, 522.819685448685, 856.112854776404
0.202399998903275, 45, 56.8395173809022, 522.937247355666, 856.497911339207
0.202600002288818, 45, 56.6805022975999, 523.054007088452, 856.880426190086
0.202799990773201, 45, 56.5225721824829, 523.16997010604, 857.260415459038
0.202999994158745, 45, 56.3657196528639, 523.285141830478, 857.637895182778
0.203199997544289, 45, 56.2099373760174, 523.399527647108, 858.012881305151
0.203400000929832, 45, 56.0552180688451, 523.513132904816, 858.385389677541
0.203599989414215, 45, 55.9015544975442, 523.625962916272, 858.755436059272
0.203799992799759, 45, 55.7489394772771, 523.738022958175, 859.123036118027
0.203999996185303, 45, 55.5973658718432, 523.849318271493, 859.488205430244
0.204199999570847, 45, 55.446826593354, 523.959854061706, 859.850959481535
0.204399988055229, 45, 55.2973146019089, 524.069635499037, 860.211313667089
0.204599991440773, 45, 55.1488229052739, 524.178667718694, 860.56928329208
0.204799994826317, 45, 55.0013445585621, 524.286955821104, 860.924883572079
0.204999998211861, 45, 54.8548726639169, 524.394504872142, 861.278129633461
0.205200001597404, 45, 54.7094003701961, 524.501319903369, 861.629036513815
0.205399990081787, 45, 54.5649208726595, 524.607405912256, 861.977619162349
0.205599993467331, 45, 54.4214274126575, 524.712767862418, 862.323892440302
0.205799996852875, 45, 54.2789132773219, 524.817410683836, 862.667871121351
0.206000000238419, 45, 54.1373717992593, 524.921339273089, 863.00956989202
0.206199988722801, 45, 53.9967963562459, 525.024558493571, 863.349003352086
0.206399992108345, 45, 53.8571803709245, 525.127073175718, 863.686186014987
0.206599995493889, 45, 53.7185173105037, 525.22888811723, 864.021132308232
0.206799998879433, 45, 53.5808006864586, 525.330008083287, 864.353856573805
0.206999987363815, 45, 53.4440240542341, 525.43043780677, 864.684373068572
0.207199990749359, 45, 53.3081810129498, 525.530181988477, 865.012695964691
0.207399994134903, 45, 53.1732652051063, 525.629245297341, 865.338839350011
0.207599997520447, 45, 53.0392703162947, 525.727632370639, 865.662817228485
0.207800000905991, 45, 52.906190074907, 525.825347814208, 865.98464352057
0.207999989390373, 45, 52.7740182518487, 525.922396202657, 866.304332063631
0.208199992775917, 45, 52.6427486602532, 526.018782079573, 866.621896612351
0.208399996161461, 45, 52.5123751551985, 526.114509957735, 866.937350839127
0.208599999547005, 45, 52.382891633425, 526.209584319316, 867.250708334479
0.208799988031387, 45, 52.254292033056, 526.30400961609, 867.561982607448
0.208999991416931, 45, 52.1265703333194, 526.397790269638, 867.871187086
0.209199994802475, 45, 51.9997205542717, 526.490930671551, 868.178335117425
0.209399998188019, 45, 51.8737367565235, 526.583435183629, 868.483439968739
0.209600001573563, 45, 51.7486130409668, 526.675308138083, 868.786514827086
0.209799990057945, 45, 51.6243435485043, 526.766553837735, 869.08757280013
0.209999993443489, 45, 51.5009224597806, 526.857176556214, 869.38662691646
0.210199996829033, 45, 51.3783439949147, 526.947180538154, 869.683690125985
0.210400000214577, 45, 51.2566024132345, 527.036569999386, 869.978775300328
0.210599988698959, 45, 51.1356920130135, 527.125349127135, 870.271895233229
0.210799992084503, 45, 51.0156071312084, 527.213522080214, 870.56306264093
0.210999995470047, 45, 50.8963421431993, 527.301092989208, 870.852290162578
0.211199998855591, 45, 50.7778914625305, 527.388065956671, 871.139590360615
0.211399987339973, 45, 50.6602495406547, 527.474445057314, 871.424975721169
0.211599990725517, 45, 50.5434108666768, 527.560234338187, 871.708458654447
0.211799994111061, 45, 50.4273699671015, 527.645437818872, 871.990051495127
0.211999997496605, 45, 50.3121214055807, 527.730059491665, 872.269766502743
0.212200000882149, 45, 50.1976597826642, 527.814103321757, 872.547615862082
0.212399989366531, 45, 50.0839797355506, 527.897573247422, 872.823611683562
0.212599992752075, 45, 49.971075937841, 527.980473180195, 873.097766003627
0.212799996137619, 45, 49.8589430992936, 528.062807005052, 873.370090785128
0.212999999523163, 45, 49.7475759655805, 528.144578580591, 873.640597917709
0.213199988007545, 45, 49.6369693180454, 528.225791739208, 873.909299218191
0.213399991393089, 45, 49.5271179734636, 528.306450287273, 874.176206430956
0.213599994778633, 45, 49.4180167838031, 528.386558005309, 874.441331228327
0.213799998164177, 45, 49.3096606359877, 528.46611864816, 874.704685210946
0.214000001549721, 45, 49.2020444516612, 528.54513594517, 874.966279908161
0.214199990034103, 45, 49.0951631869537, 528.623613600354, 875.226126778398
0.214399993419647, 45, 48.9890118322489, 528.701555292565, 875.484237209539
0.214599996805191, 45, 48.8835854119533, 528.778964675668, 875.7406225193
0.214800000190735, 45, 48.7788789842671, 528.855845378705, 875.995293955606
0.214999988675117, 45, 48.6748876409559, 528.932201006065, 876.248262696965
0.215199992060661, 45, 48.5716065071248, 529.00803513765, 876.499539852838
0.215399995446205, 45, 48.4690307409932, 529.083351329039, 876.749136464014
0.215599998831749, 45, 48.3671555336719, 529.158153111652, 876.997063502979
0.215799987316132, 45, 48.2659761089409, 529.232443992914, 877.243331874284
0.215999990701675, 45, 48.1654877230292, 529.306227456418, 877.487952414915
0.216199994087219, 45, 48.0656856643959, 529.379506962083, 877.73093589466
0.216399997472763, 45, 47.9665652535127, 529.452285946316, 877.972293016473
0.216600000858307, 45, 47.868121842648, 529.524567822168, 878.212034416836
0.21679998934269, 45, 47.7703508156523, 529.596355979496, 878.45017066613
0.216999992728233, 45, 47.6732475877449, 529.667653785116, 878.686712268989
0.217199996113777, 45, 47.5768076053023, 529.73846458296, 878.921669664663
0.217399999499321, 45, 47.4810263456482, 529.808791694231, 879.155053227379
0.217599987983704, 45, 47.385899316844, 529.878638417553, 879.386873266698
0.217799991369247, 45, 47.2914220574818, 529.94800802913, 879.617140027872
0.217999994754791, 45, 47.1975901364779, 530.016903782891, 879.845863692198
0.218199998140335, 45, 47.1043991528683, 530.085328910643, 880.073054377374
0.218400001525879, 45, 47.0118447356051, 530.153286622223, 880.298722137853
0.218599990010262, 45, 46.9199225433547, 530.220780105641, 880.52287696519
0.218799993395805, 45, 46.8286282642969, 530.287812527233, 880.745528788399
0.218999996781349, 45, 46.7379576159255, 530.354387031803, 880.966687474296
0.219200000166893, 45, 46.6479063448507, 530.420506742772, 881.186362827849
0.219399988651276, 45, 46.5584702266016, 530.486174762318, 881.404564592527
0.219599992036819, 45, 46.4696450654318, 530.551394171527, 881.62130245064
0.219799995422363, 45, 46.3814266941242, 530.616168030528, 881.836586023686
0.219999998807907, 45, 46.2938109737993, 530.680499378637, 882.050424872692
0.22019998729229, 45, 46.206793793723, 530.744391234501, 882.262828498558
0.220399990677834, 45, 46.1203710711165, 530.807846596234, 882.473806342392
0.220599994063377, 45, 46.0345387509673, 530.870868441557, 882.68336778585
0.220799997448921, 45, 45.9492928058418, 530.933459727935, 882.891522151477
0.221000000834465, 45, 45.8646292356986, 530.995623392718, 883.098278703035
0.221199989318848, 45, 45.780544067703, 531.057362353269, 883.303646645846
0.221399992704391, 45, 45.6970333560438, 531.11867950711, 883.507635127115
0.221599996089935, 45, 45.6140931817498, 531.179577732044, 883.710253236271
0.221799999475479, 45, 45.5317196525089, 531.240059886301, 883.911510005292
0.221999987959862, 45, 45.4499089024872, 531.30012880866, 884.111414409033
0.222199991345406, 45, 45.3686570921504, 531.359787318586, 884.309975365556
0.222399994730949, 45, 45.2879604080858, 531.41903821636, 884.507201736456
0.222599998116493, 45, 45.2078150628253, 531.477884283207, 884.703102327184
0.222800001502037, 45, 45.1282172946701, 531.536328281427, 884.89768588737
0.22299998998642, 45, 45.0491633675165, 531.594372954523, 885.090961111146
0.223199993371964, 45, 44.9706495706823, 531.652021027326, 885.282936637467
0.223399996757507, 45, 44.8926722187351, 531.709275206125, 885.473621050429
0.223600000143051, 45, 44.8152276513215, 531.766138178789, 885.663022879587
0.223799988627434, 45, 44.7383122329968, 531.822612614893, 885.851150600269
0.223999992012978, 45, 44.6619223530572, 531.878701165842, 886.038012633896
0.224199995398521, 45, 44.5860544253716, 531.934406464996, 886.223617348292
0.224399998784065, 45, 44.5107048882159, 531.989731127788, 886.407973057994
0.224599987268448, 45, 44.435870204107, 532.044677751848, 886.591088024569
0.224799990653992, 45, 44.3615468596396, 532.099248917124, 886.772970456917
0.224999994039536, 45, 44.2877313653223, 532.153447186, 886.953628511582
0.225199997425079, 45, 44.2144202554163, 532.207275103418, 887.13307029306
0.225400000810623, 45, 44.141610087774, 532.260735196992, 887.3113038541
0.225599989295006, 45, 44.0692974436799, 532.313829977128, 887.488337196009
0.22579999268055, 45, 43.9974789276913, 532.36656193714, 887.664178268958
0.225999996066093, 45, 43.9261511674808, 532.418933553366, 887.838834972279
0.226199999451637, 45, 43.8553108136801, 532.470947285284, 888.012315154765
0.22639998793602, 45, 43.7849545397239, 532.522605575622, 888.184626614969
0.226599991321564, 45, 43.7150790416959, 532.573910850479, 888.355777101502
0.226799994707108, 45, 43.6456810381748, 532.62486551943, 888.525774313324
0.226999998092651, 45, 43.5767572700826, 532.675471975642, 888.694625900044
0.227200001478195, 45, 43.5083045005325, 532.725732595985, 888.862339462207
0.227399989962578, 45, 43.4403195146792, 532.775649741142, 889.028922551589
0.227599993348122, 45, 43.3727991195687, 532.825225755719, 889.194382671485
0.227799996733665, 45, 43.3057401439907, 532.874462968354, 889.358727276997
0.228000000119209, 45, 43.2391394383308, 532.923363691822, 889.521963775322
0.228199988603592, 45, 43.1729938744242, 532.97193022315, 889.68409952604
0.228399991989136, 45, 43.1073003454103, 533.020164843716, 889.845141841392
0.22859999537468, 45, 43.0420557655885, 533.068069819361, 890.005097986569
0.228799998760223, 45, 42.9772570702741, 533.115647400488, 890.163975179988
0.228999987244606, 45, 42.9129012156567, 533.162899822175, 890.32178059358
0.22919999063015, 45, 42.8489851786579, 533.209829304272, 890.478521353059
0.229399994015694, 45, 42.7855059567912, 533.256438051505, 890.634204538207
0.229599997401237, 45, 42.722460568022, 533.302728253585, 890.788837183147
0.229800000786781, 45, 42.6598460506293, 533.348702085301, 890.942426276616
0.229999989271164, 45, 42.5976594630675, 533.394361706626, 891.094978762243
0.230199992656708, 45, 42.5358978838298, 533.43970926282, 891.246501538815
0.230399996042252, 45, 42.4745584113124, 533.484746884522, 891.397001460551
0.230599999427795, 45, 42.4136381636792, 533.529476687857, 891.546485337374
0.230799987912178, 45, 42.3531342787278, 533.573900774531, 891.694959935172
0.230999991297722, 45, 42.2930439137563, 533.618021231929, 891.842431976068
0.231199994683266, 45, 42.2333642454312, 533.661840133212, 891.988908138686
0.23139999806881, 45, 42.1740924696557, 533.705359537415, 892.134395058415
0.231600001454353, 45, 42.1152258014392, 533.74858148954, 892.278899327668
0.231799989938736, 45, 42.056761474768, 533.791508020654, 892.422427496146
0.23199999332428, 45, 41.9986967424759, 533.834141147984, 892.564986071097
0.232199996709824, 45, 41.9410288761169, 533.876482875008, 892.706581517576
0.232400000095367, 45, 41.8837551658378, 533.91853519155, 892.847220258698
0.23259998857975, 45, 41.8268729202522, 533.960300073873, 892.986908675897
0.232799991965294, 45, 41.7703794663148, 534.001779484771, 893.125653109182
0.232999995350838, 45, 41.7142721491974, 534.04297537366, 893.263459857383
0.233199998736382, 45, 41.6585483321649, 534.083889676668, 893.400335178411
0.233399987220764, 45, 41.6032053964524, 534.124524316727, 893.536285289505
0.233599990606308, 45, 41.5482407411436, 534.164881203663, 893.671316367478
0.233799993991852, 45, 41.4936517830493, 534.204962234281, 893.805434548972
0.233999997377396, 45, 41.439435956587, 534.244769292459, 893.938645930697
0.234200000762939, 45, 41.3855907136616, 534.284304249232, 894.070956569682
0.234399989247322, 45, 41.3321135235463, 534.323568962879, 894.202372483515
0.234599992632866, 45, 41.2790018727651, 534.362565279013, 894.332899650587
0.23479999601841, 45, 41.2262532649752, 534.401295030664, 894.462544010335
0.234999999403954, 45, 41.1738652208509, 534.439760038365, 894.59131146348
0.235199987888336, 45, 41.121835277968, 534.477962110237, 894.719207872265
0.23539999127388, 45, 41.070160990689, 534.515903042076, 894.846239060695
0.235599994659424, 45, 41.0188399300488, 534.553584617432, 894.972410814773
0.235799998044968, 45, 40.967869683642, 534.591008607694, 895.097728882731
0.236000001430511, 45, 40.9172478555098, 534.628176772177, 895.222198975271
0.236199989914894, 45, 40.8669720660288, 534.665090858196, 895.345826765789
0.236399993300438, 45, 40.8170399517995, 534.701752601154, 895.468617890611
0.236599996685982, 45, 40.7674491655366, 534.73816372462, 895.590577949224
0.236800000071526, 45, 40.718197375959, 534.774325940411, 895.711712504502
0.236999988555908, 45, 40.6692822676816, 534.81024094867, 895.832027082933
0.237199991941452, 45, 40.6207015411067, 534.845910437946, 895.951527174847
0.237399995326996, 45, 40.5724529123171, 534.881336085276, 896.070218234641
0.23759999871254, 45, 40.5245341129695, 534.916519556256, 896.188105681
0.237799987196922, 45, 40.4769428901886, 534.951462505128, 896.305194897124
0.237999990582466, 45, 40.4296770064618, 534.986166574848, 896.421491230945
0.23819999396801, 45, 40.382734239535, 535.02063339717, 896.536999995348
0.238399997353554, 45, 40.336112382309, 535.054864592718, 896.651726468392
0.238600000739098, 45, 40.2898092427361, 535.088861771064, 896.765675893525
0.23879998922348, 45, 40.2438226437183, 535.1226265308, 896.878853479801
0.238999992609024, 45, 40.198150423005, 535.156160459616, 896.991264402098
0.239199995994568, 45, 40.1527904330926, 535.189465134374, 897.102913801326
0.239399999380112, 45, 40.1077405411241, 535.222542121178, 897.213806784646
0.239599987864494, 45, 40.0629986287895, 535.255392975452, 897.323948425677
0.239799991250038, 45, 40.0185625922269, 535.288019242009, 897.433343764711
0.239999994635582, 45, 39.9744303419242, 535.320422455123, 897.541997808915
0.240199998021126, 45, 39.9305998026215, 535.352604138606, 897.649915532549
0.240399986505508, 45, 39.8870689132144, 535.384565805871, 897.757101877164
0.240599989891052, 45, 39.8438356266575, 535.416308960009, 897.863561751812
0.240799993276596, 45, 39.8008979098688, 535.447835093859, 897.969300033249
0.24099999666214, 45, 39.758253743635, 535.479145690071, 898.07432156614
0.241200000047684, 45, 39.7159011225169, 535.510242221186, 898.17863116326
0.241399988532066, 45, 39.6738380547558, 535.541126149694, 898.282233605697
0.24159999191761, 45, 39.6320625621804, 535.571798928111, 898.385133643048
0.241799995303154, 45, 39.5905726801146, 535.60226199904, 898.487335993622
0.241999998688698, 45, 39.5493664572853, 535.632516795245, 898.588845344633
0.24219998717308, 45, 39.5084419557316, 535.662564739713, 898.689666352403
0.242399990558624, 45, 39.4677972507142, 535.692407245721, 898.789803642553
0.242599993944168, 45, 39.4274304306251, 535.722045716905, 898.889261810195
0.242799997329712, 45, 39.3873395968986, 535.751481547323, 898.988045420134
0.243000000715256, 45, 39.3475228639227, 535.780716121521, 899.086159007048
0.243199989199638, 45, 39.3079783589504, 535.809750814598, 899.183607075691
0.243399992585182, 45, 39.2687042220126, 535.83858699227, 899.280394101073
0.243599995970726, 45, 39.2296986058312, 535.867226010932, 899.376524528656
0.24379999935627, 45, 39.1909596757325, 535.895669217727, 899.472002774536
0.243999987840652, 45, 39.1524856095615, 535.923917950601, 899.566833225635
0.244199991226196, 45, 39.1142745975968, 535.951973538374, 899.661020239881
0.24439999461174, 45, 39.0763248424659, 535.979837300794, 899.754568146399
0.244599997997284, 45, 39.0386345590612, 536.007510548606, 899.847481245685
0.244799986481667, 45, 39.0012019744563, 536.034994583608, 899.9397638098
0.24499998986721, 45, 38.9640253278236, 536.062290698715, 900.03142008254
0.245199993252754, 45, 38.9271028703514, 536.089400178017, 900.122454279625
0.245399996638298, 45, 38.8904328651625, 536.116324296841, 900.212870588872
0.245600000023842, 45, 38.8540135872328, 536.143064321812, 900.302673170376
0.245799988508224, 45, 38.8178433233106, 536.169621510907, 900.391866156686
0.245999991893768, 45, 38.7819203718365, 536.195997113519, 900.480453652984
0.246199995279312, 45, 38.7462430428638, 536.222192370515, 900.568439737254
0.246399998664856, 45, 38.7108096579794, 536.248208514291, 900.655828460461
0.246599987149239, 45, 38.6756185502253, 536.27404676883, 900.742623846723
0.246799990534782, 45, 38.6406680640208, 536.299708349764, 900.82882989348
0.246999993920326, 45, 38.6059565550846, 536.325194464425, 900.914450571668
0.24719999730587, 45, 38.5714823903584, 536.350506311906, 900.999489825889
0.247400000691414, 45, 38.53724394793, 536.375645083113, 901.083951574576
0.247599989175797, 45, 38.5032396169578, 536.400611960825, 901.167839710165
0.24779999256134, 45, 38.469467797595, 536.425408119745, 901.251158099262
0.247999995946884, 45, 38.4359269009151, 536.45003472656, 901.333910582804
0.248199999332428, 45, 38.4026153488376, 536.474492939991, 901.416100976229
0.248399987816811, 45, 38.3695315740534, 536.498783910849, 901.497733069637
0.248599991202354, 45, 38.3366740199525, 536.52290878209, 901.578810627955
0.248799994587898, 45, 38.3040411405504, 536.546868688868, 901.659337391096
0.248999997973442, 45, 38.2716314004158, 536.570664758585, 901.739317074124
0.249199986457825, 45, 38.2394432745991, 536.594298110949, 901.81875336741
0.249399989843369, 45, 38.2074752485606, 536.617769858023, 901.897649936793
0.249599993228912, 45, 38.1757258180999, 536.641081104278, 901.976010423739
0.249799996614456, 45, 38.1441934892853, 536.664232946645, 902.053838445496
0.25, 45, 38.1128767783837, 536.687226474565, 902.131137595251
0.250200003385544, 45, 38.0817742117917, 536.710062770043, 902.207911442286
0.250400006771088, 45, 38.0508843259659, 536.732742907694, 902.284163532133
0.250599980354309, 45, 38.0202056673547, 536.755267954797, 902.359897386724
0.250799983739853, 45, 37.9897367923303, 536.777638971347, 902.435116504547
0.250999987125397, 45, 37.959476267121, 536.799857010097, 902.509824360796
0.251199990510941, 45, 37.9294226677441, 536.821923116615, 902.584024407521
0.251399993896484, 45, 37.899574579939, 536.84383832933, 902.657720073781
0.251599997282028, 45, 37.8699305991012, 536.865603679578, 902.730914765787
0.251800000667572, 45, 37.8404893302164, 536.887220191657, 902.803611867056
0.252000004053116, 45, 37.8112493877952, 536.908688882867, 902.875814738554
0.25220000743866, 45, 37.7822093958082, 536.930010763565, 902.947526718845
0.252399981021881, 45, 37.7533679876214, 536.951186837206, 903.018751124232
0.252599984407425, 45, 37.7247238059325, 536.972218100394, 903.089491248907
0.252799987792969, 45, 37.6962755027068, 536.99310554293, 903.159750365088
0.252999991178513, 45, 37.6680217391146, 537.013850147851, 903.229531723168
0.253199994564056, 45, 37.6399611854681, 537.034452891487, 903.298838551854
0.2533999979496, 45, 37.6120925211592, 537.054914743496, 903.367674058304
0.253600001335144, 45, 37.5844144345976, 537.075236666917, 903.436041428276
0.253800004720688, 45, 37.5569256231496, 537.095419618211, 903.503943826256
0.254000008106232, 45, 37.5296247930764, 537.115464547308, 903.571384395607
0.254199981689453, 45, 37.5025106594742, 537.135372397652, 903.638366258698
0.254399985074997, 45, 37.4755819462137, 537.155144106241, 903.704892517046
0.254599988460541, 45, 37.4488373858801, 537.174780603676, 903.77096625145
0.254799991846085, 45, 37.422275719714, 537.194282814204, 903.836590522125
0.254999995231628, 45, 37.395895697552, 537.213651655755, 903.901768368836
0.255199998617172, 45, 37.3696960777688, 537.232888039996, 903.966502811034
0.255400002002716, 45, 37.3436756272182, 537.251992872363, 904.030796847985
0.25560000538826, 45, 37.3178331211758, 537.270967052109, 904.094653458905
0.255799978971481, 45, 37.2921673432816, 537.289811472348, 904.158075603086
0.255999982357025, 45, 37.2666770854825, 537.30852702009, 904.221066220032
0.256199985742569, 45, 37.2413611479763, 537.327114576291, 904.283628229583
0.256399989128113, 45, 37.2162183391551, 537.345575015886, 904.345764532048
0.256599992513657, 45, 37.1912474755492, 537.363909207837, 904.407478008327
0.2567999958992, 45, 37.1664473817722, 537.38211801517, 904.468771520045
0.256999999284744, 45, 37.1418168904654, 537.400202295015, 904.52964790967
0.257200002670288, 45, 37.1173548422434, 537.418162898649, 904.590110000645
0.257400006055832, 45, 37.0930600856394, 537.436000671533, 904.650160597509
0.257599979639053, 45, 37.0689314770515, 537.453716453356, 904.709802486021
0.257799983024597, 45, 37.044967880689, 537.471311078067, 904.769038433283
0.257999986410141, 45, 37.0211681685188, 537.488785373923, 904.827871187864
0.258199989795685, 45, 36.9975312202131, 537.50614016352, 904.88630347992
0.258399993181229, 45, 36.9740559230964, 537.523376263836, 904.944338021312
0.258599996566772, 45, 36.9507411720936, 537.54049448627, 905.001977505732
0.258799999952316, 45, 36.9275858696777, 537.557495636675, 905.059224608816
0.25900000333786, 45, 36.9045889258191, 537.574380515403, 905.116081988265
0.259200006723404, 45, 36.8817492579336, 537.591149917336, 905.172552283965
0.259399980306625, 45, 36.8590657908322, 537.607804631926, 905.228638118099
0.259599983692169, 45, 36.8365374566706, 537.624345443234, 905.284342095267
0.259799987077713, 45, 36.8141631948989, 537.640773129963, 905.3396668026
0.259999990463257, 45, 36.791941952212, 537.657088465497, 905.394614809875
0.260199993848801, 45, 36.7698726825002, 537.673292217937, 905.449188669629
0.260399997234344, 45, 36.7479543467998, 537.689385150136, 905.503390917272
0.260600000619888, 45, 36.7261859132451, 537.705368019736, 905.5572240712
0.260800004005432, 45, 36.704566357019, 537.721241579203, 905.610690632908
0.261000007390976, 45, 36.6830946603057, 537.737006575861, 905.663793087096
0.261199980974197, 45, 36.6617698122428, 537.752663751931, 905.716533901788
0.261399984359741, 45, 36.6405908088734, 537.768213844561, 905.768915528435
0.261599987745285, 45, 36.6195566530995, 537.783657585863, 905.820940402026
0.261799991130829, 45, 36.5986663546351, 537.79899570295, 905.872610941198
0.261999994516373, 45, 36.5779189299596, 537.814228917963, 905.92392954834
0.262199997901917, 45, 36.5573134022717, 537.829357948112, 905.974898609705
0.26240000128746, 45, 36.5368488014436, 537.844383505706, 906.025520495512
0.262600004673004, 45, 36.5165241639754, 537.859306298188, 906.075797560053
0.262800008058548, 45, 36.49633853295, 537.874127028166, 906.125732141802
0.262999981641769, 45, 36.4762909579882, 537.88884639345, 906.175326563511
0.263199985027313, 45, 36.4563804952037, 537.903465087079, 906.224583132323
0.263399988412857, 45, 36.4366062071595, 537.917983797359, 906.273504139866
0.263599991798401, 45, 36.4169671628232, 537.932403207894, 906.322091862364
0.263799995183945, 45, 36.3974624375237, 537.946723997613, 906.370348560732
0.263999998569489, 45, 36.3780911129079, 537.960946840811, 906.418276480681
0.264200001955032, 45, 36.3588522768971, 537.975072407172, 906.465877852817
0.264400005340576, 45, 36.3397450236446, 537.989101361807, 906.51315489274
0.264599978923798, 45, 36.3207684534931, 538.00303436528, 906.560109801146
0.264799982309341, 45, 36.3019216729324, 538.016872073642, 906.606744763922
0.264999985694885, 45, 36.2832037945575, 538.030615138463, 906.653061952247
0.265199989080429, 45, 36.2646139370268, 538.044264206857, 906.699063522686
0.265399992465973, 45, 36.2461512250209, 538.05781992152, 906.744751617291
0.265599995851517, 45, 36.2278147892015, 538.071282920755, 906.790128363693
0.265799999237061, 45, 36.2096037661705, 538.084653838503, 906.835195875199
0.266000002622604, 45, 36.1915172984295, 538.097933304371, 906.879956250887
0.266200006008148, 45, 36.1735545343394, 538.111121943669, 906.924411575701
0.26639997959137, 45, 36.1557146280806, 538.124220377428, 906.968563920544
0.266599982976913, 45, 36.1379967396133, 538.13722922244, 907.012415342369
0.266799986362457, 45, 36.1204000346378, 538.150149091279, 907.055967884275
0.266999989748001, 45, 36.1029236845557, 538.162980592335, 907.099223575595
0.267199993133545, 45, 36.0855668664307, 538.175724329838, 907.142184431991
0.267399996519089, 45, 36.0683287629499, 538.188380903891, 907.184852455542
0.267599999904633, 45, 36.0512085623857, 538.200950910496, 907.227229634836
0.267800003290176, 45, 36.0342054585576, 538.21343494158, 907.269317945058
0.26800000667572, 45, 36.0173186507941, 538.225833585028, 907.31111934808
0.268199980258942, 45, 36.0005473438953, 538.238147424704, 907.352635792546
0.268399983644485, 45, 35.9838907480956, 538.250377040485, 907.393869213968
0.268599987030029, 45, 35.9673480790264, 538.262523008282, 907.434821534802
0.268799990415573, 45, 35.9509185576796, 538.274585900073, 907.475494664545
0.268999993801117, 45, 35.9346014103706, 538.286566283925, 907.515890499815
0.269199997186661, 45, 35.9183958687022, 538.298464724025, 907.556010924437
0.269400000572205, 45, 35.9023011695285, 538.310281780701, 907.59585780953
0.269600003957748, 45, 35.886316554919, 538.322018010455, 907.635433013593
0.269800007343292, 45, 35.870441272123, 538.333673965982, 907.674738382582
0.269999980926514, 45, 35.8546745735342, 538.345250196203, 907.713775750003
0.270199984312058, 45, 35.8390157166558, 538.356747246286, 907.752546936985
0.270399987697601, 45, 35.8234639640652, 538.368165657673, 907.791053752371
0.270599991083145, 45, 35.8080185833798, 538.379505968106, 907.829297992793
0.270799994468689, 45, 35.7926788472223, 538.39076871165, 907.867281442758
0.270999997854233, 45, 35.7774440331866, 538.401954418722, 907.905005874726
0.271200001239777, 45, 35.7623134238041, 538.413063616113, 907.942473049191
0.27140000462532, 45, 35.7472863065096, 538.424096827014, 907.979684714762
0.271600008010864, 45, 35.7323619736078, 538.435054571039, 908.016642608238
0.271799981594086, 45, 35.7175397222407, 538.445937364252, 908.053348454692
0.27199998497963, 45, 35.7028188543538, 538.456745719187, 908.089803967546
0.272199988365173, 45, 35.6881986766637, 538.467480144878, 908.12601084865
0.272399991750717, 45, 35.6736785006255, 538.478141146879, 908.161970788356
0.272599995136261, 45, 35.6592576424003, 538.488729227287, 908.1976854656
0.272799998521805, 45, 35.6449354228232, 538.499244884769, 908.233156547972
0.273000001907349, 45, 35.6307111673715, 538.509688614582, 908.268385691799
0.273200005292892, 45, 35.6165842061327, 538.520060908599, 908.303374542213
0.273399978876114, 45, 35.602553873773, 538.530362255331, 908.338124733228
0.273599982261658, 45, 35.5886195095065, 538.540593139948, 908.372637887818
0.273799985647202, 45, 35.5747804570638, 538.550754044306, 908.406915617985
0.273999989032745, 45, 35.561036064661, 538.560845446967, 908.440959524835
0.274199992418289, 45, 35.5473856849695, 538.570867823221, 908.474771198651
0.274399995803833, 45, 35.5338286750852, 538.580821645109, 908.508352218965
0.274599999189377, 45, 35.5203643964987, 538.590707381447, 908.54170415463
0.274800002574921, 45, 35.5069922150646, 538.600525497844, 908.574828563889
0.275000005960464, 45, 35.4937115009725, 538.610276456729, 908.60772699445
0.275199979543686, 45, 35.4805216287168, 538.619960717368, 908.640400983552
0.27539998292923, 45, 35.4674219770676, 538.629578735887, 908.672852058039
0.275599986314774, 45, 35.4544119290416, 538.639130965298, 908.705081734426
0.275799989700317, 45, 35.4414908718725, 538.648617855512, 908.737091518971
0.275999993085861, 45, 35.4286581969831, 538.658039853366, 908.768882907742
0.276199996471405, 45, 35.4159132999558, 538.667397402644, 908.800457386684
0.276399999856949, 45, 35.4032555805049, 538.676690944094, 908.83181643169
0.276600003242493, 45, 35.3906844424479, 538.685920915453, 908.862961508665
0.276800006628037, 45, 35.3781992936779, 538.695087751464, 908.893894073595
0.276999980211258, 45, 35.3657995461351, 538.7041918839, 908.924615572611
0.277199983596802, 45, 35.35348461578, 538.713233741581, 908.955127442059
0.277399986982346, 45, 35.3412539225653, 538.722213750395, 908.98543110856
0.277599990367889, 45, 35.3291068904089, 538.731132333321, 909.015527989081
0.277799993753433, 45, 35.317042947167, 538.739989910444, 909.045419490994
0.277999997138977, 45, 35.3050615246064, 538.748786898979, 909.075107012144
0.278200000524521, 45, 35.2931620583791, 538.757523713288, 909.104591940913
0.278400003910065, 45, 35.2813439879944, 538.766200764899, 909.133875656281
0.278600007295609, 45, 35.2696067567935, 538.77481846253, 909.16295952789
0.27879998087883, 45, 35.257949811923, 538.783377212103, 909.191844916107
0.278999984264374, 45, 35.2463726043088, 538.791877416764, 909.220533172085
0.279199987649918, 45, 35.2348745886304, 538.800319476904, 909.249025637828
0.279399991035461, 45, 35.2234552232953, 538.808703790176, 909.277323646247
0.279599994421005, 45, 35.2121139704136, 538.817030751517, 909.305428521226
0.279799997806549, 45, 35.2008502957725, 538.825300753162, 909.333341577679
0.280000001192093, 45, 35.1896636688111, 538.833514184663, 909.361064121614
0.280200004577637, 45, 35.1785535625959, 538.841671432911, 909.388597450186
0.280399978160858, 45, 35.1675194537956, 538.849772882152, 909.415942851767
0.280599981546402, 45, 35.1565608226568, 538.857818914005, 909.443101605992
0.280799984931946, 45, 35.1456771529793, 538.865809907478, 909.470074983829
0.28099998831749, 45, 35.1348679320918, 538.873746238991, 909.496864247631
0.281199991703033, 45, 35.1241326508281, 538.881628282388, 909.523470651194
0.281399995088577, 45, 35.113470803503, 538.889456408957, 909.549895439816
0.281599998474121, 45, 35.1028818878884, 538.89723098745, 909.576139850357
0.281800001859665, 45, 35.0923654051899, 538.904952384097, 909.602205111289
0.282000005245209, 45, 35.081920860023, 538.912620962622, 909.628092442756
0.28219997882843, 45, 35.0715477603903, 538.920237084264, 909.653803056631
0.282399982213974, 45, 35.0612456176578, 538.927801107793, 909.679338156569
0.282599985599518, 45, 35.0510139465325, 538.935313389525, 909.704698938065
0.282799988985062, 45, 35.040852265039, 538.94277428334, 909.729886588507
0.282999992370605, 45, 35.0307600944973, 538.950184140699, 909.754902287228
0.283199995756149, 45, 35.0207369595, 538.957543310659, 909.779747205567
0.283399999141693, 45, 35.0107823878902, 538.964852139891, 909.804422506916
0.283600002527237, 45, 35.000895910739, 538.972110972696, 909.828929346776
0.283800005912781, 45, 34.9910770623236, 538.979320151021, 909.853268872812
0.283999979496002, 45, 34.9813253801054, 538.986480014475, 909.877442224901
0.284199982881546, 45, 34.9716404047081, 538.993590900345, 909.901450535191
0.28439998626709, 45, 34.9620216798964, 539.000653143611, 909.925294928145
0.284599989652634, 45, 34.9524687525542, 539.007667076965, 909.948976520599
0.284799993038177, 45, 34.9429811726636, 539.014633030821, 909.972496421812
0.284999996423721, 45, 34.9335584932834, 539.021551333336, 909.995855733514
0.285199999809265, 45, 34.9242002705282, 539.028422310424, 910.01905554996
0.285400003194809, 45, 34.9149060635479, 539.035246285768, 910.042096957979
0.285600006580353, 45, 34.9056754345062, 539.042023580841, 910.064981037025
0.285799980163574, 45, 34.8965079485606, 539.048754514914, 910.087708859222
0.285999983549118, 45, 34.8874031738421, 539.055439405079, 910.110281489422
0.286199986934662, 45, 34.878360681434, 539.062078566257, 910.132699985246
0.286399990320206, 45, 34.8693800453526, 539.068672311218, 910.154965397137
0.28659999370575, 45, 34.8604608425269, 539.075220950591, 910.177078768406
0.286799997091293, 45, 34.8516026527785, 539.081724792883, 910.199041135281
0.287000000476837, 45, 34.842805058802, 539.088184144491, 910.220853526956
0.287200003862381, 45, 34.8340676461453, 539.094599309716, 910.242516965636
0.287400007247925, 45, 34.8253900031903, 539.10097059078, 910.264032466587
0.287599980831146, 45, 34.8167717211332, 539.107298287837, 910.285401038179
0.28779998421669, 45, 34.8082123939656, 539.113582698989, 910.306623681934
0.287999987602234, 45, 34.7997116184551, 539.119824120301, 910.327701392577
0.288199990987778, 45, 34.7912689941265, 539.126022845811, 910.348635158071
0.288399994373322, 45, 34.782884123243, 539.132179167549, 910.369425959675
0.288599997758865, 45, 34.7745566107874, 539.138293375546, 910.390074771978
0.288800001144409, 45, 34.7662860644436, 539.144365757852, 910.410582562955
0.289000004529953, 45, 34.7580720945779, 539.150396600545, 910.430950294
0.289199978113174, 45, 34.749914314221, 539.156386187749, 910.451178919979
0.289399981498718, 45, 34.7418123390496, 539.162334801643, 910.471269389272
0.289599984884262, 45, 34.7337657873682, 539.168242722478, 910.491222643814
0.289799988269806, 45, 34.7257742800915, 539.174110228589, 910.511039619141
0.28999999165535, 45, 34.7178374407262, 539.179937596407, 910.530721244434
0.290199995040894, 45, 34.7099548953537, 539.185725100472, 910.550268442559
0.290399998426437, 45, 34.7021262726118, 539.191473013447, 910.56968213011
0.290600001811981, 45, 34.6943512036782, 539.197181606132, 910.588963217455
0.290800005197525, 45, 34.6866293222521, 539.202851147474, 910.608112608775
0.290999978780746, 45, 34.6789602645379, 539.208481904581, 910.627131202103
0.29119998216629, 45, 34.6713436692274, 539.214074142734, 910.646019889373
0.291399985551834, 45, 34.6637791774832, 539.219628125401, 910.664779556453
0.291599988937378, 45, 34.6562664329216, 539.225144114249, 910.683411083194
0.291799992322922, 45, 34.6488050815959, 539.230622369152, 910.701915343462
0.291999995708466, 45, 34.6413947719797, 539.236063148211, 910.720293205186
0.292199999094009, 45, 34.6340351549506, 539.241466707761, 910.738545530394
0.292400002479553, 45, 34.6267258837735, 539.246833302382, 910.756673175252
0.292600005865097, 45, 34.6194666140841, 539.252163184916, 910.774676990109
0.292799979448318, 45, 34.6122570038733, 539.257456606474, 910.79255781953
0.292999982833862, 45, 34.6050967134707, 539.262713816451, 910.810316502337
0.293199986219406, 45, 34.5979854055284, 539.267935062535, 910.827953871652
0.29339998960495, 45, 34.5909227450057, 539.273120590722, 910.845470754929
0.293599992990494, 45, 34.5839083991528, 539.278270645325, 910.862867973997
0.293799996376038, 45, 34.5769420374957, 539.283385468986, 910.880146345095
0.293999999761581, 45, 34.57002333182, 539.288465302687, 910.897306678911
0.294200003147125, 45, 34.5631519561558, 539.293510385765, 910.914349780623
0.294400006532669, 45, 34.5563275867624, 539.298520955916, 910.931276449929
0.294599980115891, 45, 34.5495499021131, 539.303497249215, 910.94808748109
0.294799983501434, 45, 34.5428185828798, 539.308439500118, 910.964783662964
0.294999986886978, 45, 34.5361333119182, 539.313347941482, 910.981365779043
0.295199990272522, 45, 34.5294937742526, 539.318222804569, 910.997834607491
0.295399993658066, 45, 34.5228996570617, 539.323064319059, 911.014190921177
0.29559999704361, 45, 34.516350649663, 539.327872713064, 911.030435487714
0.295800000429153, 45, 34.509846443499, 539.332648213134, 911.04656906949
0.296000003814697, 45, 34.503386732122, 539.337391044269, 911.062592423709
0.296200007200241, 45, 34.4969712111803, 539.342101429932, 911.078506302423
0.296399980783463, 45, 34.4905995784033, 539.346779592057, 911.094311452567
0.296599984169006, 45, 34.4842715335877, 539.351425751061, 911.110008615992
0.29679998755455, 45, 34.477986778583, 539.356040125852, 911.125598529505
0.296999990940094, 45, 34.4717450172778, 539.360622933843, 911.141081924896
0.297199994325638, 45, 34.4655459555859, 539.365174390958, 911.156459528976
0.297399997711182, 45, 34.459389301432, 539.369694711646, 911.17173206361
0.297600001096725, 45, 34.4532747647383, 539.374184108889, 911.186900245753
0.297800004482269, 45, 34.4472020574109, 539.378642794212, 911.201964787477
0.297999978065491, 45, 34.441170893326, 539.383070977694, 911.21692639601
0.298199981451035, 45, 34.4351809883168, 539.387468867977, 911.231785773766
0.298399984836578, 45, 34.4292320601595, 539.391836672275, 911.246543618378
0.298599988222122, 45, 34.4233238285607, 539.396174596387, 911.26120062273
0.298799991607666, 45, 34.4174560151437, 539.400482844704, 911.275757474991
0.29899999499321, 45, 34.4116283434358, 539.404761620217, 911.290214858646
0.299199998378754, 45, 34.4058405388548, 539.409011124532, 911.304573452524
0.299400001764297, 45, 34.4000923286966, 539.413231557873, 911.318833930836
0.299600005149841, 45, 34.3943834421221, 539.417423119098, 911.332996963203
0.299799978733063, 45, 34.3887136101444, 539.421586005702, 911.347063214686
0.299999982118607, 45, 34.3830825656161, 539.425720413831, 911.361033345819
